Date,000001.SZ,000002.SZ,000333.SZ,000651.SZ,000725.SZ,000858.SZ,002415.SZ,000063.SZ,000786.SZ,002475.SZ
2018-01-08 00:00:00+08:00,0.018797002990114553,0.02272731402191197,0.04899928726070257,0.11319982662172623,0.08781374526691232,0.10510413544831776,0.0764205220959715,-0.006104412231681233,-0.0700436817126282,-0.02348021295561009
2018-01-15 00:00:00+08:00,0.09225097313275588,0.10886072800984947,-0.04325652685004866,-0.034709145104568684,0.0955518098078727,-0.0678559957342022,-0.05885099550915618,0.01870480489840376,-0.0012764465623125165,-0.006011220489959279
2018-01-22 00:00:00+08:00,-0.05067562501279821,0.015728022748297654,0.0658415125975762,0.11564613795056711,-0.055639133661051665,0.019607867224212372,0.01935475718372559,-0.040833201960953525,0.08862366052944592,-0.04967605497379379
2018-01-29 00:00:00+08:00,0.0,-0.06643348171916574,-0.033870967865731294,-0.03327535560994044,-0.09554141328770172,-0.052510384467254645,-0.02166503444904433,-0.1765714154002752,0.03992182206347539,0.03500009030605944
2018-02-05 00:00:00+08:00,-0.16797166020244014,-0.16345643908481733,-0.1322204199852186,-0.10884822202270228,-0.08626754021433491,-0.13466210507699383,-0.07041544932195243,-0.012838329353832667,-0.19834406522826753,-0.0013175557416726935
2018-02-12 00:00:00+08:00,0.02651843482253291,0.060761113972876535,0.09503653075136187,0.09686524356763448,0.06551075041535293,0.07584273876621284,0.05594220008083739,0.0720562444000119,0.06338052977163855,0.061565446965146764
2018-02-19 00:00:00+08:00,0.05083323804014106,0.0467290609373856,0.011068183501652173,-0.0033184193737657575,0.009041387791638877,0.03968654605941979,0.038783286863553146,0.02688523448394431,0.05871945750889651,0.002485563162985871
2018-02-26 00:00:00+08:00,-0.0523392758546134,-0.0702766560460405,-0.02311021910660105,-0.029226835601986134,0.003584226623935649,-0.07810139554711948,0.04441179127579753,0.006385724969731443,-0.0029189996639668037,0.028512217721465172
2018-03-05 00:00:00+08:00,0.011715517304772938,0.0365552253234267,0.06563490736724042,0.01067071799242214,0.04821434477517683,0.05012262393852995,0.021728977425925056,0.06662427954868066,-0.0025093894025303154,0.01566907658579275
2018-03-12 00:00:00+08:00,-0.03722091720385301,-0.024805675960747897,-0.0036721743059160428,0.0071643549143947105,-0.013628608851661506,-0.002983169406025832,-0.04733578311344855,-0.04788817021899516,0.06289292174558203,0.013449447008621496
2018-03-19 00:00:00+08:00,-0.025773248760767475,-0.047808748283535984,-0.05779852579617517,-0.08498694113779326,-0.056994863943604535,-0.07154924526153272,0.027124204230928095,-0.09372069928048021,-0.05364879019987212,-0.06869644283513532
2018-03-26 00:00:00+08:00,-0.03880070108689926,0.07145154735674497,-0.030405400831657436,-0.04050713105863524,-0.025641005413147178,-0.07019757699527795,-0.034821326930838614,0.03929690418220555,0.04960393621421155,0.013411541822310857
2018-04-02 00:00:00+08:00,-0.0027522580185044276,-0.014719208483594426,-0.027874715278060846,-0.002132321255078229,-0.035714256798305866,0.05334519491596912,-0.00484269159940709,-0.005306890291504107,-0.04805406031039672,-0.009511964325226163
2018-04-09 00:00:00+08:00,0.06439752259897213,-0.047256111063229356,-0.031880760937741726,0.01388895170299076,0.023391688270633537,-0.027467640280334327,0.010705873986937009,0.040346797360467423,0.03838120651691934,-0.009185674050443904
2018-04-16 00:00:00+08:00,-0.019014737188142283,-0.035199903636548124,0.0015589136675058235,0.008429735089324097,-0.14476185211682446,0.024271601223609718,-0.07727502989140167,0.003525624575684727,-0.07794287012521739,-0.05815422919524915
2018-04-23 00:00:00+08:00,-0.044052985436042746,-0.05804321584848127,0.005447520170128506,-0.07878771209509117,-0.03786170598469285,-0.02369645042839652,0.004435093676609325,0.0,0.0008715789082642811,-0.06398234386600987
2018-04-30 00:00:00+08:00,-0.01566810486259196,-0.05246463481610353,-0.01122293241719563,0.04083484355640321,0.020833125611325887,0.07237411745724054,0.018961195059882474,0.0,0.013060405095541627,0.036807086738668504
2018-05-07 00:00:00+08:00,0.030898897442965145,0.03827575025483676,0.07613275703579081,0.035309164115450375,0.0022676329414843543,0.05706459111802609,0.01911801093038301,0.0,0.02191677806080916,0.06500704601711149
2018-05-14 00:00:00+08:00,-0.004541369377227378,-0.02827492146206778,0.0026045083080847853,0.016210924021412332,-0.0180994711711987,0.006877635741574961,0.030515348222298178,0.0,-0.028174991190113463,-0.0073594893731286914
2018-05-21 00:00:00+08:00,-0.033759200807711776,-0.027992780066910417,-0.06123575619836963,-0.05241353598095655,-0.05069132113326036,-0.04240250522971645,-0.06310691977349148,0.0,-0.05538732058679341,-0.0013082686286606249
2018-05-28 00:00:00+08:00,-0.03777152823914964,-0.014778273721486657,0.030836138039539218,0.01836458525524698,-0.01941752457582624,0.05814277691163294,0.014932472213133652,0.0,-0.005038978682500916,-0.013100387123398782
2018-06-04 00:00:00+08:00,-0.006869502341687372,0.02730762829047828,0.04813032259825345,0.0337054655408171,0.0,0.022513554255114032,0.008783219375892326,0.0,-0.0046038802488460595,0.0969026825791588
2018-06-11 00:00:00+08:00,0.004940870861052105,0.04792227562473128,0.029637815907793685,0.017860864403935084,-0.032178192091208646,0.03557642980860698,-0.0263766091244243,-0.2711593491899056,0.01739683896312494,-0.004033984587337058
2018-06-18 00:00:00+08:00,-0.0314650179256496,0.003929990888508206,-0.04673058087514381,-0.019383775636058198,-0.11508955668021514,-0.036876873039902835,-0.020252327781674073,-0.34355828411585654,0.025866230340452656,-0.07654911391343544
2018-06-25 00:00:00+08:00,-0.07715738374607994,-0.12455527788159215,-0.026654394791573943,-0.018934794843789682,0.023121447099192727,-0.05213260298842903,-0.003221468594998056,-0.1301736135753796,-0.16569098439509156,-0.01140350868929596
2018-07-02 00:00:00+08:00,-0.04730485850397148,-0.056504038907592036,-0.09230158740762617,-0.06256627814184434,-0.048232221355704485,-0.07078960685142832,-0.12469712541214573,0.0007674632302898665,-0.0561253742606197,-0.04835843315516786
2018-07-09 00:00:00+08:00,0.025404350232836714,0.021973318890244897,0.009282625147391643,0.05113132208724558,0.07228925578101197,0.0927003866243088,0.1320000622002615,0.08128848314643866,0.14808459773896532,0.13752893423196633
2018-07-16 00:00:00+08:00,0.04202307513418879,-0.024451923486559002,-0.026546943118610278,-0.0301335255921813,-0.005618028181272217,-0.03062717648386759,0.00380527369664474,0.171631179879141,-0.003984060347144491,-0.011147537000817831
2018-07-23 00:00:00+08:00,0.01536773077880027,0.007778819548767135,0.013313290917989162,-0.020861001232427845,0.04802262215512654,0.010350133335229383,-0.053885616730586006,-0.06598067963660104,0.036499928607805154,0.01325527427831763
2018-07-30 00:00:00+08:00,-0.03675674671005891,-0.09605506178347056,-0.11252367330435864,-0.10448778952297832,-0.07008092439920188,-0.11484036896730176,-0.1405266450142857,-0.13480228722881593,-0.10757351890297251,-0.05650314518894284
2018-08-06 00:00:00+08:00,0.035914655776126736,0.09962056857368684,0.07402088252322891,0.03011897054146173,0.046376849705113576,0.0057865864633275255,0.06560104383973919,0.08614232835266145,0.039999879658196846,0.046327709498486414
2018-08-13 00:00:00+08:00,-0.04550368216130851,-0.021138802035736926,-0.08581594342906385,-0.06633923375738793,-0.03324093148237661,-0.0823618654386441,-0.042500082554500884,0.09655166677547067,-0.10083150009368325,-0.11339081128742146
2018-08-20 00:00:00+08:00,0.13847888180779733,0.003966601981786777,0.006323128029344316,0.02473690156325903,0.01432658658290853,0.03877245688666098,0.03133173605406325,0.0779874556194462,0.05028895987006354,0.07003631799033827
2018-08-27 00:00:00+08:00,0.009970083997482115,0.09702657734173803,0.005316253877172716,0.00025693197163345616,-0.03672323454374793,-0.016836145089643484,-0.0047468586669443535,0.11376894058773313,-0.009356029969739277,0.05862264108997328
2018-09-03 00:00:00+08:00,-0.011845973330436799,-0.03492725497742266,-0.03124984276460574,-0.06187411560808087,-0.029325470079884952,-0.018255208164099423,-0.03974559148484158,-0.05238347085886197,-0.04777770827124328,-0.03870970142951913
2018-09-10 00:00:00+08:00,-0.01698309546738863,0.004739425356852678,0.0,0.014778182816276075,-0.027190299155481323,0.012506269084529897,-0.0807948449537994,0.014925496890021872,-0.09393237750576267,-0.1079417658346179
2018-09-17 00:00:00+08:00,0.08434968502556828,0.10634647798251029,0.0,0.07524271187447851,0.006211236410474719,0.07947331504875255,0.04214707586978039,0.01252723323573135,0.06825510501779442,-0.04326016100797947
2018-09-24 00:00:00+08:00,0.03561397393730803,-0.058139652129122865,0.0,0.008276965117327784,-0.027777823263369195,0.02303516653425408,-0.00656757403437469,-0.015599908235833904,0.0,0.010484933578140287
2018-10-01 00:00:00+08:00,0.0,0.0,0.0,0.0,0.0,0.0,0.0,0.0,0.0,0.0
2018-10-08 00:00:00+08:00,-0.06787325547604983,-0.10288054520910983,0.0,-0.037313466586681665,-0.14603172063407588,-0.11390722821273214,-0.14265823303218506,-0.1475409890539311,-0.126582319314962,-0.015564210652324495
2018-10-15 00:00:00+08:00,0.04465988052002601,-0.011009227721327952,0.0,-0.0018086254902042187,0.011152369066092849,-0.011958042266196345,-0.02597411015132345,0.06217951008448952,-0.029675666919319887,0.06192361727861573
2018-10-22 00:00:00+08:00,0.03903362509651265,0.10435997254803708,0.0,0.004400505343370442,0.025735283719604762,-0.08724154195678158,0.014999964448580094,0.04103802277066415,-0.006401075280768387,0.02295281421110018
2018-10-29 00:00:00+08:00,-0.008049945597213837,0.03401937017572121,0.016873398782633275,0.03505162426015018,0.03584242919923897,-0.011233975950330821,0.14983579078359166,0.06318851540066572,0.06800278029892204,0.033960094357971427
2018-11-05 00:00:00+08:00,-0.048692638794484044,-0.04346067457893743,-0.029526449938617305,-0.037848750406765164,-0.034602202216168165,-0.06854165745072505,-0.05926454045611729,0.08342419135987966,-0.05093829395034721,-0.11143699862050405
2018-11-12 00:00:00+08:00,0.0018956072377500632,0.05222930962109418,0.05607223812119688,-0.0012938614756397016,0.05376359625907545,0.013597166860427112,0.09297906190993266,0.09662810327761773,0.0677965486729275,0.04554452235783635
2018-11-19 00:00:00+08:00,-0.02365183293047879,0.0048426877063940665,-0.050476134364402236,-0.029282288697052183,-0.07823140484234992,-0.01321729942310601,-0.08472223171779458,-0.09270311232999962,0.003968356782585669,-0.04103521881111216
2018-11-26 00:00:00+08:00,0.0038760314803016893,0.02168668040406052,-0.029839517181091457,-0.01628395266972582,0.0258302474664569,0.04738087898829946,0.030728431112819754,0.005058191501992271,0.012516368985922455,-0.006583497974128827
2018-12-03 00:00:00+08:00,-0.007721810541503116,-0.003930908444868542,-0.005427822499859181,-0.010040648311106848,-0.010791321598387804,0.015460922613867112,0.00515283739417316,0.006039179946262463,0.04749516689590583,0.003976254749421537
2018-12-10 00:00:00+08:00,-0.010700531849007211,0.04419892259201563,0.03300407067571087,0.023300469243649813,-0.007272792867251465,-0.003947250301889693,0.024166913402701384,-0.017008479599822435,-0.01801242281446802,-0.06600663297309539
2018-12-17 00:00:00+08:00,-0.07079661170933693,-0.0835221934573922,-0.046037586598899005,-0.033753004879772064,-0.04761894582271431,-0.04510289057542827,-0.06864497122369628,-0.020865181997969162,-0.07653392301525819,-0.06713790261449881
2018-12-24 00:00:00+08:00,-0.007407263080378201,-0.017732006721287163,-0.027953614834538953,-0.010535223096828528,0.011538412094279193,0.00553368455300185,-0.011132565256093296,0.018191297924117444,-0.05753420017820554,0.06515155582497156
2018-12-31 00:00:00+08:00,0.03944569934293041,0.04659953195822242,0.0035269537275584018,0.026898399974818243,0.0,-0.026336634829211558,0.005823180666887362,-0.019908154256068178,0.011628052601057925,-0.06045511024628114
2019-01-07 00:00:00+08:00,0.04615392841313559,0.01484146970963729,0.07704784669110376,0.029467880558827986,0.019011326306416665,0.023213462458932632,0.09803160636382935,0.06822921246918767,0.03807454002158073,0.11657822076867186
2019-01-14 00:00:00+08:00,0.02254880670436532,0.018181931750968605,0.056224851772564755,0.03286518688315376,0.007462754525015658,0.06293170593418851,0.035500857732651436,-0.02584121875803902,0.022145384338182472,0.02305086162365355
2019-01-21 00:00:00+08:00,0.05465010279396254,0.013198703319066363,-0.004277426898412817,0.023864506766862803,-0.0222222265888391,0.025426917903952795,-0.005431129609459018,0.017017197880063284,0.07312127162816195,0.032472018988511486
2019-01-28 00:00:00+08:00,0.018181807181608223,0.06053643694148714,0.05632432688058309,0.05162908679490208,-0.0075759265678930765,0.10733030360628604,0.07610919873276023,0.004429103863837325,0.030914678571903664,0.07188685350857771
2019-02-04 00:00:00+08:00,0.0,0.0,0.0,0.0,0.0,0.0,0.0,0.0,0.0,0.0
2019-02-11 00:00:00+08:00,-0.022321415307862025,-0.04082379782302703,0.022819887442262488,0.0188274225685392,0.36641234976946646,0.08532196845831685,0.012686347248042962,0.12689860632811167,0.017747794356450353,0.02395210999140507
2019-02-18 00:00:00+08:00,0.053881205272886534,0.015819172617437927,0.007510315317138749,0.05169574586621861,0.06424583986077814,0.031626524659827515,0.09927963600497569,0.21043475900544273,0.013229319292875408,0.19707608916806163
2019-02-25 00:00:00+08:00,0.1057194496582472,0.05821288171334049,0.06489811190603345,0.0171263901762988,0.1233596913431585,0.10802910706477742,-0.011680936683906684,0.06788790985119397,0.1299703751914636,0.0205177611957843
2019-03-04 00:00:00+08:00,-0.03605016518725712,-0.039943943167619955,-0.05703106497641608,-0.013513373986832167,-0.060747713656268854,-0.0587614297364395,-0.008359602143179212,-0.017490693027292337,-0.031512629370675005,-0.00909530571992112
2019-03-11 00:00:00+08:00,0.016260060693308986,0.024452553157714663,0.04650660667412909,0.054145149871184906,-0.04975129762209407,0.10274333490595544,0.04215113422695227,-0.028415018879388798,0.044468415690506635,0.08454123608039898
2019-03-18 00:00:00+08:00,0.007200048768770451,0.03990027270400498,0.013978666383036131,-0.016197775580504614,0.06544517015392848,0.09228241729780096,-0.034867592344590026,-0.005637727427681427,0.019729965602157895,0.09131389122118505
2019-03-25 00:00:00+08:00,0.018268472425539084,0.05241512414509453,0.0026748257721587176,0.022746969558996133,-0.04176912280038547,0.1040093041445933,0.013583899458240012,0.0347271573594945,0.025967378589643486,0.012244972643122187
2019-04-01 00:00:00+08:00,0.0811230690550715,0.04882830909875291,0.1009646466145735,0.0,0.020512734007296585,0.055052805362294954,0.01996007348993145,0.02671231046203415,0.08436731235288697,0.032258015209545965
2019-04-08 00:00:00+08:00,-0.03174598347518032,-0.03507146805207351,-0.04398888075175866,0.15547538295661312,-0.03768841977068238,-0.006086178941209441,-0.03550459910788495,0.00933960201387829,-0.0965674118736396,-0.024218699652882703
2019-04-15 00:00:00+08:00,0.09761564275620138,0.012544219446851912,0.07389359885479596,0.1915673729848415,0.031331670269540535,0.020477988700910554,0.011594217235606719,0.20588243962771324,0.011651390264477701,0.060848711060463634
2019-04-22 00:00:00+08:00,-0.06381549441159129,-0.07623894679463028,-0.10366756577978997,-0.13569220782216418,-0.032911454631977755,0.006000315207870477,-0.08882529213596058,-0.06357923243201324,-0.05207807181759949,-0.016603844039508542
2019-04-29 00:00:00+08:00,0.004351008834171166,-0.0068774878964038555,0.061373523752241255,-0.010680067489577949,-0.05759166084850653,0.0008799791315647898,0.027673005907555615,-0.05911604032153395,0.02007379688227462,0.0011512218395568485
2019-05-06 00:00:00+08:00,-0.08447655100706652,-0.0294321398724956,-0.03148862966074728,-0.005937295332536507,-0.027777663154072374,-0.030871441015640766,-0.08812728539458259,-0.03950241382519226,0.0015536949893308893,-0.05021080411436463
2019-05-13 00:00:00+08:00,-0.01892739953954703,-0.023902958730363633,0.0,-0.008144880580227887,-0.05142865631560267,0.07318542420699803,-0.05973152273279225,-0.07707249409386374,0.00517065405331385,-0.13478618955432553
2019-05-20 00:00:00+08:00,-0.007234597602424397,-0.019736871920667864,-0.018325029603804,-0.01642343112784317,0.0180723738711559,-0.05109898122810563,-0.11955746887801577,-0.008771933567807255,-0.016461000966726647,-0.04850733877419988
2019-05-27 00:00:00+08:00,-0.013765154333367446,-0.004474340259625564,-0.004416001762703514,-0.029499004510178395,0.017751482540709018,0.002276860047833118,0.03210528868891349,0.018053070676594674,0.00523003745321704,0.051960809501349736
2019-06-03 00:00:00+08:00,-0.021346581174826462,0.015730483794875516,0.01663578099578933,0.005543985468266177,-0.02653976692926796,-0.039111169418758474,-0.04589372624062571,0.035465873433487394,-0.06919854998485808,-0.011183602543889393
2019-06-10 00:00:00+08:00,0.04781874307804457,0.029867121074348635,0.029519550790767957,-0.027376626824623163,0.021084455696683824,0.09767590103073842,0.07172986090998568,0.016789868373694006,0.05533805247575496,0.018378779903642783
2019-06-17 00:00:00+08:00,0.09207378257306886,0.013605444545526701,0.03045273263819448,0.042025182642188685,0.0324482345490702,0.07641014531884616,0.07874022629132771,0.05449142357726178,-0.03548724579664553,0.1004164168927979
2019-06-24 00:00:00+08:00,0.0102638899132792,-0.017661498227572348,-0.004797485256916922,0.031701182345781787,-0.017142824938993773,0.043990058232395324,0.006569303208298516,0.0187910626788792,0.021135165820439505,0.04247279655981018
2019-07-01 00:00:00+08:00,0.021185003748942055,0.058971573744737604,0.06575393499115201,0.05636380895356741,0.06104662430713548,0.10055111870814692,0.02066711582057179,0.023055651635223384,0.04302269452287821,0.03779746797572692
2019-07-08 00:00:00+08:00,0.01436788472208339,0.00679116334769625,-0.008865624691041463,-0.027882844423209874,0.021917691945259277,-0.032586118688379906,-0.041918287899980755,-0.03245194752736136,-0.015864650201764197,-0.012722608655599377
2019-07-15 00:00:00+08:00,-0.009206869418845853,0.035750411878095134,-0.03997802167444042,-0.04036843981448124,0.08042894232554998,-0.02739292006494254,-0.01816841520480328,-0.030434794651172048,-0.04567443274121852,0.02564100733937824
2019-07-22 00:00:00+08:00,0.017155098684404013,-0.024422023149553773,0.015972595268875844,0.023247356604598535,0.04218354299446503,-0.007286734084722579,0.16314199541876162,0.06982709159927047,-0.03659895246216516,0.09650027447723586
2019-07-29 00:00:00+08:00,-0.03443419274435011,-0.06508674689370053,-0.012726861822001001,-0.03660311590943255,-0.06428566016532944,-0.025814295610318894,-0.03831154616384569,-0.059880265685695266,0.032144857710823205,-0.03830395735360348
2019-08-05 00:00:00+08:00,0.056768513619246175,-0.025705056946097593,-0.029004726651656765,-0.06531897873408288,-0.05343508129890606,-0.0008466710069623407,-0.05165429842042846,-0.11146495540671042,-0.0690827585025029,-0.004741460511427431
2019-08-12 00:00:00+08:00,0.0261707791219552,-0.03700992742410825,-0.017571310551570574,0.05613312367680234,0.026881598418277974,0.07015762109711465,0.0683516671383877,0.01003581484790872,0.05231155630245965,0.11958070581228464
2019-08-19 00:00:00+08:00,-0.016778584772902838,0.0669771417787004,0.03835460157611914,0.07102449846358572,0.03926708311267646,0.03008713983453859,0.055648111250989674,0.03761535661828708,0.09248557388981271,0.0923404420743017
2019-08-26 00:00:00+08:00,-0.033447001535872545,-0.04302652201312174,0.010143415763671726,0.011113263932032158,-0.07808562996918411,0.0876247742581886,-0.023989815030591055,-0.01470591395549914,-0.03703702885683713,-0.046357540814480624
2019-09-02 00:00:00+08:00,0.04590391923278214,0.04224797766200128,0.027093609168689303,0.05945931756807754,0.06830602702816901,-0.010530004061479525,0.09605412920454648,0.1624436295766747,0.06593383783406881,0.046976980986765504
2019-09-09 00:00:00+08:00,-0.008777772213103052,0.03309781185659588,-0.002029121152415825,0.013775491242321358,0.030690546545942166,-0.06042425508849081,0.017999559152312772,0.06718414362915093,-0.017525736039708084,-0.02926256210778122
2019-09-16 00:00:00+08:00,0.04495916584369519,-0.03527717643241535,-0.025878106025988612,-0.02633779468562092,-0.022332463938246172,0.04021285786040374,-0.0026087108224751576,-0.03749300713102488,-0.023609535141797866,0.11374622288891678
2019-09-23 00:00:00+08:00,0.03650569262839376,-0.029850759287127215,-0.026185898739329305,-0.01964163826503107,-0.0456853242530868,-0.022215613262240197,-0.03545485096331513,-0.03488358663950053,-0.03761429150621698,0.006856596054719777
2019-09-30 00:00:00+08:00,-0.019496772884640245,-0.003846245482706956,-0.004286775517368113,0.00702977219536538,-0.0026595694453430685,-0.02989547522878977,-0.026815291826066345,-0.0346386780703537,0.005025077022241087,-0.04086032682347607
2019-10-07 00:00:00+08:00,0.07825523127073142,0.03513516318727272,0.03561635721802303,0.02216405678923783,0.0026666616171009405,0.011170944733978061,-0.050154828302542365,0.02652127731228493,0.012777938245724263,0.016442496653975347
2019-10-14 00:00:00+08:00,-0.017846572386475912,0.005594886548521361,-0.005101978785891914,-0.013146618446645442,-0.03191483334411671,-0.030095097462401355,-0.007822662297268024,-0.01124634221715981,0.07515089106933925,0.06654419837072822
2019-10-21 00:00:00+08:00,0.02241084468470733,0.0003709287577475795,0.0218424324894404,-0.011245552716251384,0.016483412075042114,0.007069807593392374,0.05978970375340298,0.025207427711932295,-0.038265427280481545,0.10168898934985604
2019-10-28 00:00:00+08:00,-0.0011847681213069672,-0.005190817066797027,0.09460959695652771,0.1160104273348177,-0.02972974586694732,0.0429016824932853,0.019838904871756213,0.01949037469853021,0.04509290545403499,0.026595645704841075
2019-11-04 00:00:00+08:00,-0.012455634821788908,-0.0033545337566621702,0.012395994762556928,-0.0026653481329551587,0.011142114133612768,0.006656707055626265,0.04559277575881193,-0.03382365083694383,0.053299537292734955,0.05028974467667613
2019-11-11 00:00:00+08:00,-0.018618603895320773,-0.009349250321201041,-0.051492765590070766,-0.07467386109349972,0.01652896693503836,-0.009361688670211032,-0.04651175055315804,-0.045966386393881065,0.008192802545009314,0.008705665067588964
2019-11-18 00:00:00+08:00,-0.0458996629664965,0.01963007555846419,-0.014500504697719019,-0.036357393856974896,-0.010840016267401165,-0.032700826506347425,-0.02469507189804554,-0.02042121343826475,0.0439769999370454,-0.05120818837121055
2019-11-25 00:00:00+08:00,-0.019243160035969376,0.025546096218104664,-0.02565927907054455,0.017454073779168855,0.06849301249861028,-0.011010379929527359,-0.018130749236704324,0.0003257013489634808,0.02197796631825888,0.031837526629808766
2019-12-02 00:00:00+08:00,0.020274818310542786,0.005776226356308145,0.034990610103772024,0.08109516789959836,0.04358972871936451,0.02689142566361502,-0.004138675212150722,0.03907526445955334,0.016129155934655692,0.09609158175685284
2019-12-09 00:00:00+08:00,0.03333330519968847,0.010409100348415912,0.03914607589105357,0.009616865704888289,0.009828056029605792,-0.011146666882454581,0.019820904419173058,0.040426220919271394,0.033068702849264886,-0.01608577778863296
2019-12-16 00:00:00+08:00,0.02915630372902389,0.12539972694546364,-0.010274001032970714,0.024130967961284,0.13868586515179704,-0.0032427155965208954,0.009717902819767588,0.005120352116016802,-0.00469485910122347,-0.019891074460585245
2019-12-23 00:00:00+08:00,0.002411089105139208,-0.021464713730767082,-0.010380808642291295,0.0003099602745944008,-0.008546769352879235,-0.0007746613731581808,-0.006519752247824306,0.008091228009646345,0.08104623833569913,-0.016402517082554913
2019-12-30 00:00:00+08:00,0.033072733887310024,0.033870869956937,0.018531481576683717,0.039826382500016466,0.019396457663580557,0.012015614527948415,0.0678124073941544,0.0865041557655899,0.03570018747348591,0.0534200829539313
2020-01-06 00:00:00+08:00,-0.028521514811982063,-0.018408666189860146,0.02969457941733089,0.03949328717792411,0.04651165376844779,0.023515684264291403,0.005560632689367129,0.02216143845821361,0.0405974941231666,0.06600479941573756
2020-01-13 00:00:00+08:00,-0.0179749525319306,-0.031786484842364904,0.005334232631455382,-0.026379789357345085,-0.024242485423522808,0.03689579219832129,0.03812559426334272,0.039614520249438456,-0.015458254286358719,0.05461861740209373
2020-01-20 00:00:00+08:00,-0.05186078912529346,-0.04858824804251205,-0.08638699440595377,-0.058459820811183505,-0.022774340650347225,-0.08942616012543925,0.00925152607457691,0.008496355320122051,-0.037383117045754144,0.07756575274697441
2020-01-27 00:00:00+08:00,0.0006434295380404187,0.0003450738012678034,-0.0012704018569954512,0.00031272347562971703,0.0021186960101382546,0.0,0.0,0.0,-0.0015534278677745705,0.0
2020-02-03 00:00:00+08:00,-0.059806961194670105,-0.051396970042476675,-0.03997827961008693,-0.024702962866850142,-0.01479918278165604,-0.04422962098888206,-0.022222193237463106,-0.006127062363333602,-0.06884473026490279,-0.0524916921176426
2020-02-10 00:00:00+08:00,0.028043752498652985,0.11999996599859575,0.017225109035609254,0.005610897998914011,0.004291724867724778,0.02363585018964054,0.015340815865461321,0.01387095615283318,0.083542131047051,0.036933065798440134
2020-02-17 00:00:00+08:00,0.036593523323570354,-0.05032466029332583,0.010048342561816082,-0.001434773423497293,0.1431626575727709,0.05322843444121372,0.10240633138299304,0.15404112767401057,-0.05050118021310135,0.13503165440834186
2020-02-24 00:00:00+08:00,-0.06931972283209753,0.011623968700340992,-0.022660170811691915,-0.05491694839778949,-0.08411213574994114,-0.0723076448229012,-0.11167519839810236,0.09769476600027271,0.02314259367006244,-0.05064553633123381
2020-03-02 00:00:00+08:00,0.03655177214912109,0.05204458323435346,0.05183793450771024,0.03851335994300498,0.053061121963215996,0.07852402134523895,0.006285791992838297,0.017200037555658465,0.14761889025245667,-0.04686207558141753
2020-03-09 00:00:00+08:00,-0.0332669190230388,-0.05557344817718157,-0.06989250367756561,-0.07417034641794662,-0.12984487589745597,-0.057430599114783765,-0.09057355968325098,-0.0009831151918636705,-0.05947425914555027,-0.05750647846180146
2020-03-16 00:00:00+08:00,-0.13558146325837628,-0.12244887898723222,-0.05279397014493292,-0.09416718207162256,-0.0645880827255283,-0.11370303458069919,-0.08866688189905603,-0.18047616388079946,-0.0485295716658235,-0.10386585859747866
2020-03-23 00:00:00+08:00,0.04697457271839478,0.02984476366628619,0.00589921752992506,0.018618966816069227,-0.059523701432131815,0.0658015167541155,-0.025693661669058176,0.042026764926882176,-0.061823703441327926,-0.037162145498856436
2020-03-30 00:00:00+08:00,-0.04106468795786711,0.007903839870129215,-0.02163802740927978,-0.010281783112272236,-0.030379887921484605,0.014765489098518714,0.07981704480394058,-0.05577323748642926,0.012767632442104881,0.11201077271631332
2020-04-06 00:00:00+08:00,0.015067395020675223,0.00373404402781663,0.018189298584690983,0.03385923283702952,-0.007832815519780323,0.07641257532537327,-0.04233143604084744,-0.04100550264594238,0.04595365411935037,-0.037864072004695104
2020-04-13 00:00:00+08:00,0.006249995178266632,-0.006324468496798463,0.01624034257389395,0.017677685266271892,0.02368423547836307,0.018260885582330966,0.027881738686170054,0.018070603471918245,-0.0019440295424973941,0.062058438517749615
2020-04-20 00:00:00+08:00,0.026397580476641647,-0.03893660789418063,0.03875347483164271,-0.009691059713664574,-0.04884323041584482,0.02251386496657215,-0.016870755561354422,-0.028750004433992005,0.012855456527745224,-0.0206649960976778
2020-04-27 00:00:00+08:00,0.055219318769017534,0.04440968859517924,0.03500009584770325,0.01163224908049787,0.016216257327699157,0.030976980100496654,0.07907141316717903,0.05765771218205051,-0.01807689004022639,0.14746551472276126
2020-05-04 00:00:00+08:00,0.0,-0.019768604950857305,0.04589366083470425,0.0396058136148183,0.029255193952439917,0.0531703803581729,-0.007171808818938308,0.03431480204383863,-0.05248725742174554,-0.0014796441151544437
2020-05-11 00:00:00+08:00,-0.051612862630603606,-0.03006097408567998,0.012968558010295839,0.017204963485993652,0.01808802721209557,0.014544351720290782,-0.030150794190782038,-0.03129409549489448,-0.04630006477241089,0.020745178191640568
2020-05-18 00:00:00+08:00,-0.021919943817429233,-0.012553875229013856,0.0019292035229458993,-0.039868695632964135,-0.04314732485104056,-0.00503112434944053,-0.03044043066789459,-0.06776768555322832,-0.031209327396712783,-0.07673178888996646
2020-05-25 00:00:00+08:00,0.0023183060196168004,0.02224868051640727,0.03360746580191232,0.02031259791482909,-0.015915020736050445,0.026599960586090265,-0.08316631980795852,-0.06331427272527546,0.03310955237364421,0.002920102025086191
2020-06-01 00:00:00+08:00,0.04548964517489673,0.027205608196650966,-0.0013546908212657138,0.06007755526559766,0.1671158666606174,0.0804318414380607,0.0745637739660443,0.06175231953897686,-0.04677348848174201,0.1608063247665994
2020-06-08 00:00:00+08:00,-0.04572268056727813,-0.0245933196745054,0.037855251225159314,-0.023599726882276073,0.06928405568759466,0.0016863679270262555,0.001737898206834565,0.0034059646705377755,-0.010449830014947814,0.05151456265172483
2020-06-15 00:00:00+08:00,-0.010819157122234468,0.007370048713229105,0.001678472560356914,0.022029998057802036,-0.012958938991343372,0.03279493275639522,0.04892445623280861,0.11879882848678136,-0.004176081168804413,0.08720501695792926
2020-06-22 00:00:00+08:00,0.0,0.016557601325184246,0.0025134161077253747,-0.028027797729980874,-0.010940955808013353,0.017869130805616473,0.001323212416807662,-0.07281209274383338,-0.0004626829994022197,0.07895677112958199
2020-06-29 00:00:00+08:00,0.11171866381151463,0.08522726618699306,0.04295499077792875,0.021321187564613764,0.05973469297983258,0.1343945370555053,0.10274193946602139,0.06745522329654863,0.11712964086188227,0.031606825849510356
2020-07-06 00:00:00+08:00,0.04497537286520692,0.018150111723246765,0.016185866986059283,0.009411487014249875,0.060542619595812974,0.09680490791588614,0.10635105314546656,0.06012748916544752,0.0236220513156844,0.11029837567342615
2020-07-13 00:00:00+08:00,-0.04976451993048969,-0.06650674525222278,0.008200641257021246,-0.0301745891678753,-0.08476122039458012,-0.006666750603846472,-0.0492823760542036,-0.1029804179412609,0.20607280284451668,-0.018693290894921777
2020-07-20 00:00:00+08:00,-0.044585952639567994,-0.007344757997362117,0.04723901762128935,-0.0008741223666094422,-0.023758129650848114,-0.02052321271098856,-0.04272294968962387,-0.05975699708434301,0.013763076989447898,-0.03574013017720634
2020-07-27 00:00:00+08:00,-0.010370443216831116,-0.007029307475578284,0.07438385910176093,-0.0043736324031845575,0.033185989409964645,0.08008943069327334,0.10026791385505773,0.032964095945701155,0.019867480352871558,0.10235178628834296
2020-08-03 00:00:00+08:00,0.02619766755338837,0.007079068424172386,-0.019324155258460984,-0.011597215026208585,0.025695930756984398,-0.04721203171344501,0.04678204489631588,-0.006637711266235358,0.06948043933512049,-0.07851168861013036
2020-08-10 00:00:00+08:00,0.05543402545468279,0.023307385118547685,0.02140619412345468,0.0,0.03131515721276634,0.027212312972115127,0.02919130995850172,-0.01439235613869061,-0.06496653588009094,-0.0038896171649105415
2020-08-17 00:00:00+08:00,-0.0006910844270259231,0.025597020992564223,-0.0371964553080234,-0.03626665999183243,0.05060726362429224,0.025833567380358025,-0.05496985598865656,0.019178658812073035,0.12272732551450494,-0.003160964160844437
2020-08-24 00:00:00+08:00,0.046334677784982015,0.007310012478217942,0.013118051334673364,0.015310922207739663,0.04624277806675936,0.10114488223389806,0.008233643683695169,-0.0012859167020955464,-0.04193186763847234,0.04085053465107902
2020-08-31 00:00:00+08:00,-0.011236018612141851,0.01850500864755955,-0.021200829280039746,-0.00363387800876791,0.034990722080291414,-0.042704479682751706,-0.003951256033274619,-0.03476705148098347,-0.026562023143817615,-0.01326164939390051
2020-09-07 00:00:00+08:00,0.004010765588665421,-0.0028500133488957857,-0.036051783782529045,0.0001822309816297274,-0.06761571441739667,-0.010728914024186742,-0.04258143273963533,-0.10085362896136751,-0.020154949683395706,0.014347929462712017
2020-09-14 00:00:00+08:00,0.07057244014806074,0.045730707345253085,0.07072848714705993,0.012762122058189496,0.003817044560908922,0.007771717275822265,0.009115968437080735,0.0005932260584373683,0.1272150807883865,-0.004834278723167662
2020-09-21 00:00:00+08:00,-0.05597017929732284,-0.0563717338341011,-0.008732479346226119,-0.027002542227115067,-0.07224349178320888,-0.05472296019077927,-0.012592471779630743,-0.017793465777217632,-0.07046595013885604,-0.006657210617225906
2020-09-28 00:00:00+08:00,-0.0032936609386832183,0.013758123810135636,0.03225355008842756,-0.014616195792957032,0.006147461141375654,0.01756086304196347,0.05489329372459428,-0.0009058787145288516,-0.0700695598104456,0.033870785023941474
2020-10-05 00:00:00+08:00,0.0026437520219197985,0.0007142845640133455,0.008533968515751944,0.02722479881222606,0.05906322749296389,0.030891910720576288,0.002628195231169972,0.008764036180257895,0.0077949152008918166,0.07585840126036403
2020-10-12 00:00:00+08:00,0.12722475686840728,-0.006423972531702016,0.020881743165112265,0.054103609194853464,-0.05384605853930857,0.04090676712097552,0.009174297909306794,0.03265444831491271,0.25620364652114125,-0.0491776280540035
2020-10-19 00:00:00+08:00,0.06432756417857433,0.002873558564263856,0.013101483186775953,0.016126090328680176,-0.026422737611779934,0.0025327921074147497,0.019220824275493653,-0.030171245412996206,-0.08696779940171517,-0.02294924222280781
2020-10-26 00:00:00+08:00,-0.02692323505889438,-0.015401161633910254,0.028107963001249736,-0.0030716058315939376,-0.012526259720238242,0.02745272806789023,0.14678894702163126,-0.03440032130690218,-0.027816767715887147,-0.038387335833556246
2020-11-02 00:00:00+08:00,-0.003952566476291164,0.07166234909940439,0.1569757797558058,0.1362548132981285,0.1078223420183031,0.06261771481120526,0.09133342184600735,0.10904587088228035,0.07803459817960556,0.07637630390783112
2020-11-09 00:00:00+08:00,-0.026077017463403074,-0.013917116266063512,0.004215631689532318,-0.0018076827516002592,0.022900867899070088,0.02198239009333114,-0.03685615043628454,0.0005587095611425674,0.06729237428320278,-0.0538526926280567
2020-11-16 00:00:00+08:00,0.09778830624662471,0.06265058034257742,0.011820585093184954,0.04056251283325363,0.005597039903315837,0.013094264597971028,0.00697679167753007,0.01116693836011251,0.018588369611867606,-0.06604616631570048
2020-11-23 00:00:00+08:00,0.04453854844546101,0.023971601785222507,-0.041379892237636606,-0.018262194156488554,-0.02782943704694074,-0.02298216395214492,-0.013226920066885084,-0.033959079916599744,-0.002466253508090488,-0.003449625893711561
2020-11-30 00:00:00+08:00,-0.020304552695538547,-0.05093334191116394,0.0063779863716986185,0.03510353802785304,0.022900867899070088,0.018642920683525466,-0.024042548366442262,-0.005144444243395996,-0.03584667249529361,0.0026924128489806964
2020-12-07 00:00:00+08:00,-0.04041447560590272,-0.051333402622668944,-0.04934351515737234,-0.0753623277043084,-0.05223881107513029,0.0012349430545062212,-0.03052108043737045,-0.07584033413877644,-0.03615382941883338,-0.028001572003446662
2020-12-14 00:00:00+08:00,-0.008639360934341367,0.001405558479566471,0.0630952779781635,-0.03808791270055378,0.019685092954948802,0.03491328395103399,0.03170673614364561,0.019894413502676622,-0.04921519553171527,0.015785278538616998
2020-12-21 00:00:00+08:00,-0.01742912059814561,-0.01403506551398026,0.04792819705799989,-0.0351962373869964,0.09845562871343239,-0.003395132124986766,0.02986050499446158,-0.05394697268866944,0.02965862096373173,0.09867914731491223
2020-12-28 00:00:00+08:00,0.07206190125455625,0.02135227890426461,0.05193428123351462,0.046107113321036675,0.05448147878457377,0.0577342231435527,0.02666667959036917,0.0840850272497502,0.08831521600926395,-0.007779466354760456
2021-01-04 00:00:00+08:00,0.026370312679417474,0.022299695088062288,0.04642425067973388,0.044559160116039775,0.07166669474817833,0.08617419470139165,0.18202433928334782,0.007429490842294273,0.12309608876493505,0.06931587334475031
2021-01-11 00:00:00+08:00,0.057934463983359,0.020790811092674222,-0.0322300133478145,-0.02009262337145623,0.05754275142389331,-0.09242898861344007,0.02720615133226545,0.035398086919758986,0.08670509327650211,-0.043492783517960265
2021-01-18 00:00:00+08:00,0.049047687666926576,-0.023038471223082557,0.008827505819667403,-0.05000007131626527,0.04852947327498147,0.02732006862156111,0.13310692629113374,-0.03475775260038039,0.03089202053704687,0.0015679571301501216
2021-01-25 00:00:00+08:00,0.04811616683163855,-0.05023926873593709,-0.0421597671415197,-0.06524980004335701,-0.1332399259744722,-0.014954550764751384,-0.05603834301902677,-0.04988202678027198,0.015082527504491017,-0.07636116227518519
2021-02-01 00:00:00+08:00,0.07968821115058455,0.039222801634946514,0.009550443157339661,0.04689165176991117,-0.04692546636232009,0.09830312331546498,-0.0533333580058557,-0.04038515985167368,-0.01603136001602834,-0.06741997505788255
2021-02-08 00:00:00+08:00,-0.04452463380047378,-0.0017314161991515142,0.1013882129575916,0.026297907769760043,0.05093374274527851,0.07158496884377774,0.10663989114614392,0.04273227668379076,0.10212600541886818,0.06583193951680366
2021-02-15 00:00:00+08:00,0.0012593526743003292,0.03503301566537376,-0.08514618817637942,0.008927044600673284,0.012924071902620904,0.005107267638943425,-0.06545457435809898,0.022974299393041075,-0.02109248465327318,-0.05570281728908655
2021-02-22 00:00:00+08:00,-0.1035639570783441,0.10924930752798923,-0.0501070962231116,-0.03326226591999237,-0.02870809399966401,-0.1869919467262916,-0.09922176926512749,-0.03611533615049767,-0.10939234771352468,-0.06701446870284111
2021-03-01 00:00:00+08:00,0.04490174510126521,-0.04712983553210537,-0.038461538461538436,-0.014745721161677494,0.022988549246377055,-0.04821419720749476,0.04751614513158153,-0.001574449128501132,-0.03225804232160345,0.024301117750725743
2021-03-08 00:00:00+08:00,-0.03849584665352701,-0.0015853931387552755,-0.039553096854478054,0.006364877649796208,-0.02568226652280514,-0.0076923306917342504,-0.041237062514490885,-0.02428239900434548,-0.036111048407981405,-0.14234725853863228
2021-03-15 00:00:00+08:00,-0.04702054790322141,-0.009209222811586204,-0.007561708661677491,0.02564114014439456,-0.00823729754302327,-0.01383993642352177,-0.04121860670288757,-0.045572138888479774,0.02527156362469607,-0.12264390514092138
2021-03-22 00:00:00+08:00,0.03273080103677173,-0.01538466318784415,-0.038682219537285456,0.02700001373181493,0.05315624012708331,0.019785939402457542,-0.0018691337135674502,-0.0016932094095412076,-0.05772971057762177,-0.025669687226717253
2021-03-29 00:00:00+08:00,0.01702941971795302,-0.023437463878471787,0.062187491226384894,0.013307291791933018,0.00473188204878916,0.06997561916460993,0.05805235313082191,0.004070581273397433,0.06356120529625486,0.023196069704946698
2021-04-05 00:00:00+08:00,-0.00930242005201709,-0.037999940029403656,-0.0764551562592568,-0.012652115031340228,0.03767652765048246,-0.06768344175807461,-0.017522242606529348,-0.04358112588747476,-0.049622478143861115,-0.0638119719283956
2021-04-12 00:00:00+08:00,-0.04882625586763889,0.0003464607182290802,-0.006836557522548969,-0.012489832133018464,0.05295010069880979,-0.013192776078778001,0.027382569705808324,0.0017662483955336317,0.00204312592317879,-0.005082228148728607
2021-04-19 00:00:00+08:00,0.14955576984711283,-0.02701770023667527,0.04956213628207351,-0.017575499662368266,0.045977090213071614,0.06951874234779587,0.10871471447399483,0.029266578378424057,0.02650666937535484,0.12349748335242228
2021-04-26 00:00:00+08:00,0.0,0.002848064411763662,-0.04400209214176065,0.001671867593865617,0.006868041929915858,0.017857316482905006,-0.007116845336257782,-0.008222043670014112,0.018759560245241724,-0.011500346857613364
2021-05-03 00:00:00+08:00,0.03263191209563199,-0.006034818897809213,-0.06348999896784269,-0.005842189194553704,-0.0982264753497688,-0.04526323146953548,-0.055113095602453366,-0.027979288901877508,-0.0010832152987266808,-0.06114708451558171
2021-05-10 00:00:00+08:00,-0.030353319722121075,-0.033214353005212804,0.018113968402426073,-0.030557250973473504,-0.00453851892911783,0.054759260349497296,0.023095005926934364,0.03340440816836576,-0.08306217571807228,-0.035446788476367286
2021-05-17 00:00:00+08:00,0.01521106938484218,-0.01847060323645111,0.06684982615005941,-0.004156627045892258,0.007598844200648269,0.033449577958667875,0.054539502339312484,-0.012723558802361312,0.007568498958640424,0.03525553769102796
2021-05-24 00:00:00+08:00,0.042996950756907015,0.014301906587124602,0.012017164503471012,-0.008869558531607313,-0.04977389293098111,0.0684422099752775,0.0,0.09265078226680257,0.02230052563369811,0.13419903670555855
2021-05-31 00:00:00+08:00,0.0016326215034851987,-0.02300569564616517,-0.05816072052550414,-0.01772243890209424,-0.03492059770429168,-0.0050488219013956614,-0.0329799008907653,0.05196039444099898,0.11044773867249513,-0.02417294239899681
2021-06-07 00:00:00+08:00,-0.04767725098408937,-0.03949852590474834,-0.028592560831571467,-0.024294343240824023,0.022919533173396234,-0.04354589457847313,0.014397937458559662,-0.016666580107872586,-0.06203461738420346,0.01694913366808981
2021-06-14 00:00:00+08:00,-0.03080878642719631,-0.02846988223115554,-0.0027026935455359835,-0.01720980709192177,0.029411841495657898,-0.03504985709427488,-0.03306452308175922,0.05238834625936484,-0.03246175945301777,0.019487129049756025
2021-06-21 00:00:00+08:00,0.031346623820423414,-0.0024419069851092656,-0.00853667937113245,-0.02701190867814096,0.014285668703226007,0.030652852162273758,0.059382861036979095,-0.053294361959076775,-0.03066623085931164,0.18234401644805964
2021-06-28 00:00:00+08:00,-0.0663527411225282,-0.018767911630376388,-0.028290124486662127,-0.02374120143614533,-0.056337931601344815,-0.04631229117458968,-0.020311753853675785,-0.01794005027741885,-0.08634633661277424,-0.07253767994086202
2021-07-05 00:00:00+08:00,-0.02475915647638749,0.0004158466444570408,-0.02672301524475884,-0.03314381222463858,0.04643433387116125,-0.06555270116833067,-0.02989400947483445,-0.015118138978867823,0.046081765340364234,0.06123844075745444
2021-07-12 00:00:00+08:00,0.003290930701080219,-0.004571849439130915,0.007225471620911694,0.013995915713700402,0.026941451979919595,0.04833538156290307,0.0437376715190283,0.14710582994304677,-0.046042692421905396,-0.10610793315167577
2021-07-19 00:00:00+08:00,-0.058106942493703295,-0.03507310525047447,-0.0393113118308166,-0.019403822798001902,-0.06327159806426363,-0.02273711812331669,0.06984128765982667,0.013939357555145193,0.029219745572961697,-0.019631427555524827
2021-07-26 00:00:00+08:00,-0.119900548171201,-0.10601468793049906,-0.05152334648813328,-0.03100778212748656,-0.0543658427894439,-0.18605502142208863,-0.09495552889638026,0.0668133356573295,-0.17743973812070135,-0.08578499286595564
2021-08-02 00:00:00+08:00,0.009610041834618333,0.021297157781774656,0.10769960531773526,0.005052709021158064,0.0052265246394844755,0.02378255296148679,-0.030655685681129863,0.0219071096147454,0.10631729372019749,0.09924287228238926
2021-08-09 00:00:00+08:00,0.11366184963822445,0.08009481863291912,0.017910460417493557,-0.02555505008523362,0.001733176255860558,0.06548672759514385,-0.04194157914423191,-0.10466579891569772,0.019498572800457303,-0.03222631333338288
2021-08-16 00:00:00+08:00,-0.023630028868691477,-0.0017551529051579307,0.005446166205409497,-0.009028431210453602,-0.013840885374354905,-0.14294020919744732,-0.05436890624777724,-0.003380245403748927,-0.022950734988601784,-0.03533296625479776
2021-08-23 00:00:00+08:00,-0.05303817836662372,-0.08131869700049921,-0.058333253781546746,-0.0709328433150902,0.0,-0.003391885636986336,-0.016240396771370236,-0.021742757980042104,-0.04418330569898876,0.0007905065732671801
2021-08-30 00:00:00+08:00,-0.019031866173649825,0.058936313201103374,0.0330382832334315,0.013665582880439509,0.021052625867780783,0.0010210448919216741,-0.024667916883956642,-0.03428225483126446,0.04359250745661303,-0.09952607070026631
2021-09-06 00:00:00+08:00,0.1402438108153401,-0.02532261294738425,0.03369505114949267,0.016013792396385007,0.01546386913604425,0.03793289953840717,0.04513613684367823,0.058664115649028625,0.05130361619371171,0.05321645234748895
2021-09-13 00:00:00+08:00,-0.0991735458459827,-0.06519599066929582,-0.05718228959867688,-0.07225994196977492,-0.050761410252071926,-0.05498371151054793,0.025502635200101098,-0.033816343639184177,-0.13333323469101332,-0.06912837550871198
2021-09-20 00:00:00+08:00,-0.06368046408390549,0.0655479363300433,-0.015528945278408868,-0.00914791398724113,-0.06951874654827694,-0.0070808369705125385,-0.047377061232318995,0.013823601987458245,-0.009846146452844762,0.061735773214631307
2021-09-27 00:00:00+08:00,0.033429312428551405,0.04872052345846889,0.03571435693411873,0.022157653044757586,-0.03256696109203028,0.09410533722939762,0.04801830474574853,-0.03887449448294156,-0.007147326959108025,0.0030898594038906158
2021-10-04 00:00:00+08:00,0.03959843396922591,-0.003284911767522103,0.04166652174474739,0.02735501262709672,0.0514852016699614,0.040247996117388496,0.02690899293424387,0.02203436557982652,0.0456963593358779,0.05516665968938894
2021-10-11 00:00:00+08:00,0.0547210850630373,-0.007062166600397934,-0.020689526464597874,-0.019090889033798186,-0.033898293568166205,0.026728577316521784,-0.010269002765666668,0.00915533644579325,-0.015264807203752895,-0.03980896417076052
2021-10-18 00:00:00+08:00,0.019328600044232758,0.01137985305517697,0.049295725339853824,0.041485212899972757,-0.031189206818341253,-0.03964668253709969,-0.008228987927532239,-0.026631525712608406,-0.01458977930283023,0.04560542707097737
2021-10-25 00:00:00+08:00,-0.026946184228267334,-0.14627281886181653,-0.07691278429610426,-0.09884414799395858,-0.01207253560375432,-0.03786162669139548,-0.05735938016029685,-0.01924237014711505,-0.12893272822873791,0.02141158558184464
2021-11-01 00:00:00+08:00,-0.09538462053799479,-0.021416827004304362,0.02879156442124642,-0.007912776769691376,0.020366736251852036,-0.028636139615732525,-0.014925302676011554,-0.040465916694508164,-0.051345569020584736,0.06625257844589627
2021-11-08 00:00:00+08:00,0.035714431185196904,0.1088664652966318,0.020070690083714204,-0.025577587758700338,0.001996093204651439,-0.030716491950763203,0.02214450818114,0.01661348619651437,0.03658085402400135,-0.017475849173025804
2021-11-15 00:00:00+08:00,-0.006568255453952121,0.0070849531874304095,-0.030067848479515824,0.013547844292654876,-0.017928434730351106,0.04292373422703766,-0.04047879607877003,0.005342511453640286,0.01044285582561355,0.06472330592972786
2021-11-22 00:00:00+08:00,-0.031404922887494524,-0.045728642031604094,-0.016999960785899937,-0.02172086014689889,-0.004056864054436393,0.048259638614361666,-0.053277958598759056,-0.02407002887698917,-0.012116874677433942,-0.069141532823634
2021-11-29 00:00:00+08:00,0.003981689602964966,0.014744688387853255,-0.02397895899652913,-0.004269930638111097,-0.008146568529370346,0.0295700824647136,0.012552320330700528,-0.008968542469262597,0.02777777159978312,-0.03713844031293134
2021-12-06 00:00:00+08:00,0.04135981139252465,0.04618570653588838,0.0705775899323502,0.04631217170849822,0.05954836654364715,0.0764872783107513,0.10537188906639394,0.03781503373807804,0.06704102349333385,0.17318127141616535
2021-12-13 00:00:00+08:00,-0.04406965141950547,-0.03125002313488656,-0.044506406783174635,-0.030054667599716534,-0.021317839717390985,-0.04793523848600734,-0.025233682999940776,0.017128679353517917,0.03157899362123828,0.010150123101456021
2021-12-20 00:00:00+08:00,-0.014798100083312504,0.005632354378060533,0.050364189274347826,0.002816951722440786,-0.019802008493515544,0.028831452529262114,-0.030680723678110478,-0.01867732422050672,0.11447712621960315,0.08213194631971699
2021-12-27 00:00:00+08:00,-0.04794897035320611,0.006110061882248274,0.022865622801451435,0.04016855552129628,0.0202020496523172,-0.07968920668452717,0.035014825837285324,0.0452418453957546,0.02517883621602568,-0.006863156298262618
2022-01-03 00:00:00+08:00,0.0436893364220734,0.10779342692610228,0.053786682428160315,0.08398591715260317,0.019802008493515544,-0.022455708078896297,-0.04682718520642726,0.0,0.04549244180537704,-0.05264226803896488
2022-01-10 00:00:00+08:00,-0.0505814632423518,-0.05436269987812192,-0.07431200941082006,-0.04708517555761105,-0.034951545317448485,-0.04805657794102369,-0.031481862274087447,-0.014925380281393341,-0.08168707286841403,-0.006650872485585935
2022-01-17 00:00:00+08:00,0.06246185886730915,0.045410568905970505,0.07513885389110597,0.02222224950997176,0.0040241093953754525,0.04855206049998961,0.024637724587600607,-0.0015151400989620312,0.016860415692037112,0.01922236897907692
2022-01-24 00:00:00+08:00,-0.08760819295744893,-0.06053599937888954,-0.054385816389234454,-0.032480951412512726,-0.02805607248039088,-0.08690048452987076,-0.04101840435749249,-0.08528075425158355,-0.07518580327066393,-0.01123117280553787
2022-01-31 00:00:00+08:00,0.0,0.0,0.0,0.0,0.0,0.0,0.0,0.0,0.0,0.0
2022-02-07 00:00:00+08:00,0.08022735278344717,0.04181024944547285,0.012841593885508651,0.05471850171853565,0.030927881067441154,-0.020717835849093036,-0.030762817053497038,-0.0026543266015923717,0.10973722508012629,-0.1202315259266441
2022-02-14 00:00:00+08:00,-0.01929822595643127,-0.0330501357131906,-0.015376251598753221,-0.021553728877026668,-0.018000149681679067,0.024347644752183983,0.010869641972385491,-0.02228872271252269,-0.042618381084488455,0.060901448655682255
2022-02-21 00:00:00+08:00,-0.05187830031966889,-0.04638674309924218,-0.06684923943344367,-0.047899693678634336,-0.024439705588111038,-0.04281407721055375,0.03763440622514991,-0.006464735421937373,-0.1166714340757018,-0.006429421542372804
2022-02-28 00:00:00+08:00,-0.03584901733119361,-0.04198676082308439,-0.036993626515118616,-0.03605053929417679,-0.029227619189248988,-0.07407616805194817,-0.05139899566277939,-0.015410979834708516,-0.0052700882134125715,-0.11555352038448985
2022-03-07 00:00:00+08:00,-0.028049567795462527,-0.1101014445139954,-0.09481710410996813,-0.056656615886664485,-0.04516133323061622,-0.026081423987560415,-0.010705694947119704,-0.12904348267609667,-0.038741738978954166,-0.06454143560975745
2022-03-14 00:00:00+08:00,-0.013422779072672197,0.04804811630544448,-0.008083473265454444,-0.0455620607377879,-0.0315313694260122,-0.02253006834408522,-0.04218197681318869,-0.0415335540012598,0.0006888623188558984,-0.025139652717045324
2022-03-21 00:00:00+08:00,0.01904754710564638,-0.0022922942088322573,-0.04770801322003104,-0.022938539782496603,-0.016279223087070416,-0.06378800037799015,-0.05326257267234469,0.05666674186160958,-0.019277060192965156,-0.03753580797007128
2022-03-28 00:00:00+08:00,0.051401933003026645,0.1866742202915248,0.044749487951918576,0.047588787244329245,0.018912545250399537,0.017240192675954003,0.003653095703196385,-0.05638805901229116,0.09547202703632629,-0.06817500761269113
2022-04-04 00:00:00+08:00,0.04126976973538232,0.04017430060869409,-0.02167234779858107,-0.024530585174951547,-0.02552205508194605,0.004315224990239397,-0.043921340826982735,-0.03969915822725045,0.01858386562552128,-0.0626197917427126
2022-04-11 00:00:00+08:00,0.0012194887188496928,-0.008841365773435417,0.02302462171794506,0.03661449010263418,-0.021428566169053087,0.057973646760107744,0.013451845939734142,-0.012619661835226115,-0.012582596256929257,-0.004090008029006054
2022-04-18 00:00:00+08:00,-0.021924524896801856,-0.0690140377001307,-0.028644447328777356,-0.012044508215169891,-0.03406327269849696,-0.027015895608341944,0.022038510474679418,0.00572944154559174,-0.0882446464488944,-0.007529087079055641
2022-04-25 00:00:00+08:00,-0.0460771399729234,-0.02269295202341426,0.002106318911206273,-0.024382622795549258,-0.042821105220347544,-0.01923649960972218,0.04116642312953567,0.05740570207426443,0.01432566740058161,0.06482759412775474
2022-05-02 00:00:00+08:00,-0.02349873941700442,-0.045923563921861366,0.0194429710733397,0.08811285338469022,-0.03421049365505657,-0.03127117883493147,-0.18098390568613631,-0.03729793968133377,0.03203581432785496,-0.055051873825218145
2022-05-09 00:00:00+08:00,-0.023395672697815062,0.009734949417422811,-0.02044676209340668,-0.012662027517819308,0.040871850988531966,-0.000763980407011644,-0.07816073769273468,0.001291423792789459,0.0063418401076527076,0.03598362140196798
2022-05-16 00:00:00+08:00,0.028062988877872286,0.012319308716337796,-0.0019293809420686259,-0.008947160505097362,0.031413672259629655,0.03523638799103601,0.041147089578987384,0.03577270704127278,0.008291760927368497,0.025140550698021125
2022-05-23 00:00:00+08:00,-0.05592544173189218,-0.0402117265203249,-0.06643237877147457,-0.05115859468653683,-0.002538113898081895,-0.027820671558227428,-0.026047967827023455,0.013456728851324762,-0.05526308673655633,0.0022587725519518376
2022-05-30 00:00:00+08:00,-0.01622006112723784,-0.02370451618529812,-0.010542148575245491,-0.00031716847930385317,-0.04325694239107436,0.07470720268944775,0.043107056619664075,0.004979186525637447,0.06406676845546966,0.07855766347268278
2022-06-06 00:00:00+08:00,0.026523216486568302,0.008469874930188803,0.026266440119199874,0.0009517350667840319,0.04240298040766066,0.04518412312242526,0.05213690521054004,0.010322039931631055,-0.024869042789319118,0.0202984376826274
2022-06-13 00:00:00+08:00,0.009078304452645458,0.016237290824658412,0.048038269244855325,0.034865407584321106,0.04582213113762412,0.021192719102897772,-0.0046094556551086185,0.0502656706538025,0.004230364825520638,-0.026623628553907652
2022-06-20 00:00:00+08:00,-0.01522492178472834,0.010468490038811451,0.05551502381066897,0.03828488449552081,0.002577269354449019,0.02108395468007407,0.0329956295317444,-0.031128425945121996,0.1065573719832984,-0.025849224825918893
2022-06-27 00:00:00+08:00,0.04848913085222817,0.11232260116598791,0.017127996359774578,-0.013274493833125511,0.010282827292123153,0.09729736599410477,0.0030821167893431145,0.014457877293645005,0.06882720686501553,0.05245294824372526
2022-07-04 00:00:00+08:00,-0.025469116083656873,-0.05490186487619486,-0.0035720166883571602,-0.0014946803798978614,-0.002544541739783024,-0.03614478128386012,-0.04692750979512861,-0.023357120330340875,-0.06237370819618637,0.015537937811006763
2022-07-11 00:00:00+08:00,-0.08940852315162318,-0.08609957599963991,-0.05769889627576974,0.008981984073062055,-0.045918344169088465,-0.014530357807897243,-0.07121912819057608,-0.048236757287388965,-0.08376965717525953,-0.04734401751137529
2022-07-18 00:00:00+08:00,-0.03247741274611726,-0.013621006980788053,-0.0019926994785558483,0.007121620972301956,0.040106887168849914,-0.021011045277503082,-0.008204450835263999,0.0647359842579156,-0.027226869583154123,-0.05233403961515737
2022-07-25 00:00:00+08:00,0.00750829533676467,-0.009781336530764184,-0.001996754267197698,-0.02003539925622244,0.0,-0.04039590848921071,0.016226541227609692,-0.02319999429983355,-0.006219775498356062,0.08918838605226043
2022-08-01 00:00:00+08:00,-0.029179851105012866,-0.04357931302037965,-0.036558723438187446,-0.07606720462908978,-0.012853471404280836,0.004372195956068081,0.01753279960830456,0.039312001475745983,-0.04728794886770482,0.02268045081877279
2022-08-08 00:00:00+08:00,0.0056864606854232225,-0.004860268022962244,0.003586938941485096,0.07186483115196052,0.028645848222572656,-0.0026788626324463216,0.027999990651868645,-0.012608315363305422,0.0051096284244160906,0.06451600350618003
2022-08-15 00:00:00+08:00,0.015347332526113977,0.038461698665256616,-0.010346158229921465,-0.01392034413279486,0.0,-0.02820365654772794,-0.0730320381219215,-0.015163655246899554,-0.017066194226932896,0.011904827802726059
2022-08-22 00:00:00+08:00,0.003182085362288145,-0.06937106739287957,-0.007222967556419491,-0.01017728757402292,-0.040506282208884525,-0.02049974348746275,-0.03358082814857899,-0.006077775184790468,-0.03768005430550825,0.03475935608099845
2022-08-29 00:00:00+08:00,-0.007930106763050948,0.1274962065122729,0.02718750987105456,0.0951906796665618,-0.0448549719556256,-0.04855974952331177,-0.014366893237138245,-0.010599219299609497,0.025719752873635482,-0.020671902411504184
2022-09-05 00:00:00+08:00,0.016786478479999367,0.08035710659322404,0.03336432660808142,0.049969660533681015,0.0,-0.0023479535724123535,-0.0176270547015428,0.02018947546801475,0.03293417927475617,-0.043799377054793864
2022-09-12 00:00:00+08:00,-0.01257849630501262,-0.00826439792862621,-0.005772006752902681,-0.0023073944738964958,-0.04696129059735066,-0.002353579721746435,0.02829532999803641,-0.008077490317707103,-0.02427541859344906,-0.05684325205940077
2022-09-19 00:00:00+08:00,-0.02149696410808577,-0.02722220741832715,-0.0685776557401272,-0.043654269120242284,-0.017391249010519028,-0.012105781763591006,-0.025167768241549537,-0.09079804891666066,-0.1088006141503508,-0.06699831295088587
2022-09-26 00:00:00+08:00,-0.03661507420694954,0.018275286786678002,-0.039540349432565236,-0.019649276450200315,-0.035398259382052766,0.06347012267152508,0.047160015082001516,-0.04164800525996848,0.0020834021014646265,-0.07808091158793684
2022-10-03 00:00:00+08:00,0.0,0.0,0.0,0.0,0.0,0.0,0.0,0.0,0.0,0.0
2022-10-10 00:00:00+08:00,-0.026182401913668163,-0.045429051338621185,-0.026769370505900336,-0.0012334839014841448,0.08562688530729456,-0.05974122577836982,-0.004602183359574186,0.017289727751205186,0.005405349367960222,0.006462581840867898
2022-10-17 00:00:00+08:00,-0.03816129955412817,-0.04876619438771823,-0.08314230469881578,-0.05526395387090599,0.014084508010098418,-0.043803387165333385,-0.0033025384216888165,0.011483683717574467,-0.044251394172912684,-0.040554310647686775
2022-10-24 00:00:00+08:00,-0.06041485149527048,-0.11426809270160954,-0.07363640983543218,-0.013398678440232792,-0.024999988141548135,-0.09628648307339072,-0.05897945093208423,-0.029972756452029015,-0.08697536396524996,-0.06199366598944711
2022-10-31 00:00:00+08:00,0.03838770824721749,-0.020920477205482735,0.057163958170653784,-0.0009937002685593832,0.008546981222189443,0.09090903737968858,0.05704224058517471,0.08614240816389307,0.07488152697506667,0.19339103500694965
2022-11-07 00:00:00+08:00,0.05637706614388738,0.12250714042561883,0.05894633180455422,0.031498687663856106,0.002824872772879239,0.0001333194436423657,-0.0069953238446636146,0.027155127845945426,0.0868605899437691,-0.011013229370077315
2022-11-14 00:00:00+08:00,0.013998303842723603,-0.00697972928661883,0.05128210069508965,0.02089360868346768,0.0197182699839471,0.0239301866223407,0.08822536668626335,0.05413340620112672,0.05070998299362306,0.03786192548836542
2022-11-21 00:00:00+08:00,0.05004317973381944,0.10670930843988691,-0.02668334732311084,0.0,-0.011049711470658585,-0.04055729851747858,-0.04747221411818858,-0.028662431924764253,0.017374547198595325,-0.03770697129019063
2022-11-28 00:00:00+08:00,0.05998343348676771,0.061778195325805196,0.02891402025057621,0.014798462366761411,-0.008379861811119382,0.1063916561182281,0.0339805859783453,0.026639306862612067,-0.00910812388916482,-0.023574327218801705
2022-12-05 00:00:00+08:00,0.06201557779032707,0.11256120926625712,0.13030812276098902,0.05119454829600789,0.016901423355514922,0.12394205603096076,0.08106418323546305,0.05828354062648744,0.054385220230158904,0.04241435316260045
2022-12-12 00:00:00+08:00,-0.026277374428246958,-0.05278595970981148,-0.005524887015308622,-0.018300018735757484,-0.005540193534436133,-0.0040922942815230234,-0.005790438017105659,-0.006412731661079141,-0.02724295711564284,-0.007511822173250082
2022-12-19 00:00:00+08:00,-0.026986509030554107,-0.030959613501116645,-0.029999904621891282,-0.014431660881655706,-0.05571024299805649,-0.012217941720671699,0.00844504140043445,-0.045178465707306326,-0.016056777223159124,-0.00788396724581919
2022-12-26 00:00:00+08:00,0.013867530850748766,-0.03088395070066352,-0.011073004816230303,-0.014032924298976068,-0.0029497949816209568,0.0022187761416179175,0.0014437606901145372,0.028230666930983084,-0.017836850717481645,0.00921817027534888
