日期,代码,回报率
2018/1/8,000002.SZ,0.022727312
2018/1/15,000002.SZ,0.10886072
2018/1/22,000002.SZ,0.015728086
2018/1/29,000002.SZ,-0.0664336
2018/2/5,000002.SZ,-0.163456372
2018/2/12,000002.SZ,0.060761028
2018/2/19,000002.SZ,0.046729061
2018/2/26,000002.SZ,-0.070276583
2018/3/5,000002.SZ,0.036555144
2018/3/12,000002.SZ,-0.024805676
2018/3/19,000002.SZ,-0.047808826
2018/3/26,000002.SZ,0.071451553
2018/4/2,000002.SZ,-0.014719058
2018/4/9,000002.SZ,-0.047256107
2018/4/16,000002.SZ,-0.035199982
2018/4/23,000002.SZ,-0.058043132
2018/4/30,000002.SZ,-0.052464808
2018/5/7,000002.SZ,0.038275848
2018/5/14,000002.SZ,-0.028274921
2018/5/21,000002.SZ,-0.027992687
2018/5/28,000002.SZ,-0.014778368
2018/6/4,000002.SZ,0.027307725
2018/6/11,000002.SZ,0.047922082
2018/6/18,000002.SZ,0.003929991
2018/6/25,000002.SZ,-0.124555109
2018/7/2,000002.SZ,-0.056504136
2018/7/9,000002.SZ,0.021973319
2018/7/16,000002.SZ,-0.024451923
2018/7/23,000002.SZ,0.00777871
2018/7/30,000002.SZ,-0.096054856
2018/8/6,000002.SZ,0.099620437
2018/8/13,000002.SZ,-0.021138802
2018/8/20,000002.SZ,0.003966602
2018/8/27,000002.SZ,0.097026577
2018/9/3,000002.SZ,-0.034927255
2018/9/10,000002.SZ,0.004739425
2018/9/17,000002.SZ,0.106346478
2018/9/24,000002.SZ,-0.058139652
2018/10/1,000002.SZ,0
2018/10/8,000002.SZ,-0.102880545
2018/10/15,000002.SZ,-0.011009228
2018/10/22,000002.SZ,0.10435986
2018/10/29,000002.SZ,0.034019476
2018/11/5,000002.SZ,-0.043460773
2018/11/12,000002.SZ,0.052229521
2018/11/19,000002.SZ,0.004842491
2018/11/26,000002.SZ,0.021686878
2018/12/3,000002.SZ,-0.003930908
2018/12/10,000002.SZ,0.044198726
2018/12/17,000002.SZ,-0.083522201
2018/12/24,000002.SZ,-0.017732008
2018/12/31,000002.SZ,0.046599537
2019/1/7,000002.SZ,0.014841569
2019/1/14,000002.SZ,0.018181836
2019/1/21,000002.SZ,0.013198799
2019/1/28,000002.SZ,0.060536344
2019/2/4,000002.SZ,0
2019/2/11,000002.SZ,-0.040823714
2019/2/18,000002.SZ,0.015819173
2019/2/25,000002.SZ,0.058212882
2019/3/4,000002.SZ,-0.039943943
2019/3/11,000002.SZ,0.024452553
2019/3/18,000002.SZ,0.039900273
2019/3/25,000002.SZ,0.052415207
2019/4/1,000002.SZ,0.048828147
2019/4/8,000002.SZ,-0.035071395
2019/4/15,000002.SZ,0.012544219
2019/4/22,000002.SZ,-0.07623887
2019/4/29,000002.SZ,-0.006877655
2019/5/6,000002.SZ,-0.029432058
2019/5/13,000002.SZ,-0.023903045
2019/5/20,000002.SZ,-0.019736785
2019/5/27,000002.SZ,-0.00447425
2019/6/3,000002.SZ,0.015730482
2019/6/10,000002.SZ,0.029867118
2019/6/17,000002.SZ,0.013605443
2019/6/24,000002.SZ,-0.017661668
2019/7/1,000002.SZ,0.058971579
2019/7/8,000002.SZ,0.006791246
2019/7/15,000002.SZ,0.035750412
2019/7/22,000002.SZ,-0.024422023
2019/7/29,000002.SZ,-0.065086747
2019/8/5,000002.SZ,-0.025705144
2019/8/12,000002.SZ,-0.037009842
2019/8/19,000002.SZ,0.066977142
2019/8/26,000002.SZ,-0.043026695
2019/9/2,000002.SZ,0.042248167
2019/9/9,000002.SZ,0.033097725
2019/9/16,000002.SZ,-0.035277179
2019/9/23,000002.SZ,-0.029850762
2019/9/30,000002.SZ,-0.003845976
2019/10/7,000002.SZ,0.035134976
2019/10/14,000002.SZ,0.005594887
2019/10/21,000002.SZ,0.000370929
2019/10/28,000002.SZ,-0.005190904
2019/11/4,000002.SZ,-0.00335436
2019/11/11,000002.SZ,-0.009349337
2019/11/18,000002.SZ,0.019630076
2019/11/25,000002.SZ,0.025546096
2019/12/2,000002.SZ,0.005776226
2019/12/9,000002.SZ,0.0104091
2019/12/16,000002.SZ,0.125399644
2019/12/23,000002.SZ,-0.021464642
2019/12/30,000002.SZ,0.033870945
2020/1/6,000002.SZ,-0.018408811
2020/1/13,000002.SZ,-0.031786339
2020/1/20,000002.SZ,-0.048588321
2020/1/27,000002.SZ,0.000345074
2020/2/3,000002.SZ,-0.051397051
2020/2/10,000002.SZ,0.120000061
2020/2/17,000002.SZ,-0.050324736
2020/2/24,000002.SZ,0.01162405
2020/3/2,000002.SZ,0.052044583
2020/3/9,000002.SZ,-0.055573373
2020/3/16,000002.SZ,-0.122449108
2020/3/23,000002.SZ,0.029845041
2020/3/30,000002.SZ,0.007903663
2020/4/6,000002.SZ,0.003734132
2020/4/13,000002.SZ,-0.006324382
2020/4/20,000002.SZ,-0.038936692
2020/4/27,000002.SZ,0.044409689
2020/5/4,000002.SZ,-0.019768692
2020/5/11,000002.SZ,-0.030060888
2020/5/18,000002.SZ,-0.012553967
2020/5/25,000002.SZ,0.02224859
2020/6/1,000002.SZ,0.027205704
2020/6/8,000002.SZ,-0.024593233
2020/6/15,000002.SZ,0.007370139
2020/6/22,000002.SZ,0.01655751
2020/6/29,000002.SZ,0.085227355
2020/7/6,000002.SZ,0.018150029
2020/7/13,000002.SZ,-0.066506745
2020/7/20,000002.SZ,-0.007344758
2020/7/27,000002.SZ,-0.007029307
2020/8/3,000002.SZ,0.007079068
2020/8/10,000002.SZ,0.023307385
2020/8/17,000002.SZ,0.025597106
2020/8/24,000002.SZ,0.007309847
2020/8/31,000002.SZ,0.018505174
2020/9/7,000002.SZ,-0.002850093
2020/9/14,000002.SZ,0.045730627
2020/9/21,000002.SZ,-0.056371661
2020/9/28,000002.SZ,0.013758124
2020/10/5,000002.SZ,0.000714204
2020/10/12,000002.SZ,-0.006423893
2020/10/19,000002.SZ,0.002873559
2020/10/26,000002.SZ,-0.015401162
2020/11/2,000002.SZ,0.071662349
2020/11/9,000002.SZ,-0.013917116
2020/11/16,000002.SZ,0.062650658
2020/11/23,000002.SZ,0.023971454
2020/11/30,000002.SZ,-0.050933274
2020/12/7,000002.SZ,-0.051333403
2020/12/14,000002.SZ,0.001405558
2020/12/21,000002.SZ,-0.014035066
2020/12/28,000002.SZ,0.021352359
2021/1/4,000002.SZ,0.022299615
2021/1/11,000002.SZ,0.020790734
2021/1/18,000002.SZ,-0.023038398
2021/1/25,000002.SZ,-0.050239192
2021/2/1,000002.SZ,0.039222636
2021/2/8,000002.SZ,-0.00173126
2021/2/15,000002.SZ,0.035033013
2021/2/22,000002.SZ,0.109249224
2021/3/1,000002.SZ,-0.047129836
2021/3/8,000002.SZ,-0.001585393
2021/3/15,000002.SZ,-0.009209223
2021/3/22,000002.SZ,-0.015384663
2021/3/29,000002.SZ,-0.023437464
2021/4/5,000002.SZ,-0.038000015
2021/4/12,000002.SZ,0.000346617
2021/4/19,000002.SZ,-0.027017776
2021/4/26,000002.SZ,0.002848064
2021/5/3,000002.SZ,-0.006034819
2021/5/10,000002.SZ,-0.033214272
2021/5/17,000002.SZ,-0.018470685
2021/5/24,000002.SZ,0.014301907
2021/5/31,000002.SZ,-0.023005612
2021/6/7,000002.SZ,-0.039498694
2021/6/14,000002.SZ,-0.028469706
2021/6/21,000002.SZ,-0.002441999
2021/6/28,000002.SZ,-0.018767912
2021/7/5,000002.SZ,0.000415847
2021/7/12,000002.SZ,-0.004571849
2021/7/19,000002.SZ,-0.035073105
2021/7/26,000002.SZ,-0.106014688
2021/8/2,000002.SZ,0.021297158
2021/8/9,000002.SZ,0.080094712
2021/8/16,000002.SZ,-0.001755054
2021/8/23,000002.SZ,-0.081318796
2021/8/30,000002.SZ,0.058936427
2021/9/6,000002.SZ,-0.025322613
2021/9/13,000002.SZ,-0.065195991
2021/9/20,000002.SZ,0.065547936
2021/9/27,000002.SZ,0.048720419
2021/10/4,000002.SZ,-0.003284712
2021/10/11,000002.SZ,-0.007062266
2021/10/18,000002.SZ,0.011379853
2021/10/25,000002.SZ,-0.146272919
2021/11/1,000002.SZ,-0.021416712
2021/11/8,000002.SZ,0.108866465
2021/11/15,000002.SZ,0.007084953
2021/11/22,000002.SZ,-0.045728642
2021/11/29,000002.SZ,0.014744688
2021/12/6,000002.SZ,0.046185707
2021/12/13,000002.SZ,-0.031249917
2021/12/20,000002.SZ,0.005632245
2021/12/27,000002.SZ,0.006110062
2022/1/3,000002.SZ,0.107793427
2022/1/10,000002.SZ,-0.054362602
2022/1/17,000002.SZ,0.045410461
2022/1/24,000002.SZ,-0.060535999
2022/1/31,000002.SZ,0
2022/2/7,000002.SZ,0.041810145
2022/2/14,000002.SZ,-0.033050038
2022/2/21,000002.SZ,-0.046386639
2022/2/28,000002.SZ,-0.041986756
2022/3/7,000002.SZ,-0.110101546
2022/3/14,000002.SZ,0.048048052
2022/3/21,000002.SZ,-0.002292294
2022/3/28,000002.SZ,0.186674293
2022/4/4,000002.SZ,0.040174301
2022/4/11,000002.SZ,-0.008841366
2022/4/18,000002.SZ,-0.069014038
2022/4/25,000002.SZ,-0.022692952
2022/5/2,000002.SZ,-0.045923564
2022/5/9,000002.SZ,0.009734949
2022/5/16,000002.SZ,0.012319195
2022/5/23,000002.SZ,-0.040211618
2022/5/30,000002.SZ,-0.023704516
2022/6/6,000002.SZ,0.008469815
2022/6/13,000002.SZ,0.016237351
2022/6/20,000002.SZ,0.010468373
2022/6/27,000002.SZ,0.11232273
2022/7/4,000002.SZ,-0.054901865
2022/7/11,000002.SZ,-0.086099631
2022/7/18,000002.SZ,-0.013620947
2022/7/25,000002.SZ,-0.009781337
2022/8/1,000002.SZ,-0.043579313
2022/8/8,000002.SZ,-0.004860268
2022/8/15,000002.SZ,0.038461634
2022/8/22,000002.SZ,-0.069371009
2022/8/29,000002.SZ,0.127496207
2022/9/5,000002.SZ,0.080357107
2022/9/12,000002.SZ,-0.008264398
2022/9/19,000002.SZ,-0.027222207
2022/9/26,000002.SZ,0.018275287
2022/10/3,000002.SZ,0
2022/10/10,000002.SZ,-0.045429051
2022/10/17,000002.SZ,-0.048766194
2022/10/24,000002.SZ,-0.114268093
2022/10/31,000002.SZ,-0.020920477
2022/11/7,000002.SZ,0.12250714
2022/11/14,000002.SZ,-0.006979729
2022/11/21,000002.SZ,0.106709308
2022/11/28,000002.SZ,0.061778195
2022/12/5,000002.SZ,0.112561209
2022/12/12,000002.SZ,-0.05278596
2022/12/19,000002.SZ,-0.030959614
2022/12/26,000002.SZ,-0.030883951
2018/1/8,000333.SZ,0.048999201
2018/1/15,000333.SZ,-0.043256527
2018/1/22,000333.SZ,0.065841513
2018/1/29,000333.SZ,-0.033870968
2018/2/5,000333.SZ,-0.132220341
2018/2/12,000333.SZ,0.095036431
2018/2/19,000333.SZ,0.011068267
2018/2/26,000333.SZ,-0.0231103
2018/3/5,000333.SZ,0.065634907
2018/3/12,000333.SZ,-0.003672095
2018/3/19,000333.SZ,-0.057798601
2018/3/26,000333.SZ,-0.03040557
2018/4/2,000333.SZ,-0.027874633
2018/4/9,000333.SZ,-0.031880674
2018/4/16,000333.SZ,0.001559006
2018/4/23,000333.SZ,0.005447427
2018/4/30,000333.SZ,-0.011223024
2018/5/7,000333.SZ,0.076132857
2018/5/14,000333.SZ,0.002604508
2018/5/21,000333.SZ,-0.061235756
2018/5/28,000333.SZ,0.030836138
2018/6/4,000333.SZ,0.048130323
2018/6/11,000333.SZ,0.029637816
2018/6/18,000333.SZ,-0.046730581
2018/6/25,000333.SZ,-0.026654308
2018/7/2,000333.SZ,-0.092301757
2018/7/9,000333.SZ,0.009282626
2018/7/16,000333.SZ,-0.026546751
2018/7/23,000333.SZ,0.01331319
2018/7/30,000333.SZ,-0.112523772
2018/8/6,000333.SZ,0.074021002
2018/8/13,000333.SZ,-0.085816047
2018/8/20,000333.SZ,0.006323129
2018/8/27,000333.SZ,0.005316479
2018/9/3,000333.SZ,-0.031250063
2018/9/10,000333.SZ,0
2018/9/17,000333.SZ,0
2018/9/24,000333.SZ,0
2018/10/1,000333.SZ,0
2018/10/8,000333.SZ,0
2018/10/15,000333.SZ,0
2018/10/22,000333.SZ,0
2018/10/29,000333.SZ,0.016873516
2018/11/5,000333.SZ,-0.02952645
2018/11/12,000333.SZ,0.056072355
2018/11/19,000333.SZ,-0.05047624
2018/11/26,000333.SZ,-0.029839575
2018/12/3,000333.SZ,-0.005427823
2018/12/10,000333.SZ,0.033004375
2018/12/17,000333.SZ,-0.046037927
2018/12/24,000333.SZ,-0.027953373
2018/12/31,000333.SZ,0.003526701
2019/1/7,000333.SZ,0.077047982
2019/1/14,000333.SZ,0.056224969
2019/1/21,000333.SZ,-0.004277537
2019/1/28,000333.SZ,0.056324327
2019/2/4,000333.SZ,0
2019/2/11,000333.SZ,0.022819887
2019/2/18,000333.SZ,0.007510418
2019/2/25,000333.SZ,0.064898105
2019/3/4,000333.SZ,-0.057031155
2019/3/11,000333.SZ,0.046506505
2019/3/18,000333.SZ,0.013978862
2019/3/25,000333.SZ,0.002674826
2019/4/1,000333.SZ,0.100964542
2019/4/8,000333.SZ,-0.043988794
2019/4/15,000333.SZ,0.073893411
2019/4/22,000333.SZ,-0.103667237
2019/4/29,000333.SZ,0.061373318
2019/5/6,000333.SZ,-0.031488716
2019/5/13,000333.SZ,0
2019/5/20,000333.SZ,-0.018325213
2019/5/27,000333.SZ,-0.004415816
2019/6/3,000333.SZ,0.016635687
2019/6/10,000333.SZ,0.029519554
2019/6/17,000333.SZ,0.030452915
2019/6/24,000333.SZ,-0.004797572
2019/7/1,000333.SZ,0.065753848
2019/7/8,000333.SZ,-0.008865543
2019/7/15,000333.SZ,-0.039978104
2019/7/22,000333.SZ,0.015972769
2019/7/29,000333.SZ,-0.01272703
2019/8/5,000333.SZ,-0.029004729
2019/8/12,000333.SZ,-0.017571224
2019/8/19,000333.SZ,0.038354602
2019/8/26,000333.SZ,0.010143416
2019/9/2,000333.SZ,0.027093695
2019/9/9,000333.SZ,-0.002029288
2019/9/16,000333.SZ,-0.025877941
2019/9/23,000333.SZ,-0.026185896
2019/9/30,000333.SZ,-0.004286952
2019/10/7,000333.SZ,0.035616449
2019/10/14,000333.SZ,-0.005101893
2019/10/21,000333.SZ,0.021842258
2019/10/28,000333.SZ,0.094609689
2019/11/4,000333.SZ,0.012395918
2019/11/11,000333.SZ,-0.051492694
2019/11/18,000333.SZ,-0.014500425
2019/11/25,000333.SZ,-0.02565944
2019/12/2,000333.SZ,0.03499078
2019/12/9,000333.SZ,0.039145911
2019/12/16,000333.SZ,-0.010274002
2019/12/23,000333.SZ,-0.010380653
2019/12/30,000333.SZ,0.018531401
2020/1/6,000333.SZ,0.029694579
2020/1/13,000333.SZ,0.005334233
2020/1/20,000333.SZ,-0.08638707
2020/1/27,000333.SZ,-0.00127032
2020/2/3,000333.SZ,-0.03997828
2020/2/10,000333.SZ,0.017225109
2020/2/17,000333.SZ,0.010048343
2020/2/24,000333.SZ,-0.022660254
2020/3/2,000333.SZ,0.051837854
2020/3/9,000333.SZ,-0.069892515
2020/3/16,000333.SZ,-0.052793717
2020/3/23,000333.SZ,0.005899125
2020/3/30,000333.SZ,-0.021638027
2020/4/6,000333.SZ,0.018189205
2020/4/13,000333.SZ,0.016240436
2020/4/20,000333.SZ,0.038753475
2020/4/27,000333.SZ,0.035000096
2020/5/4,000333.SZ,0.045893661
2020/5/11,000333.SZ,0.012968558
2020/5/18,000333.SZ,0.001929124
2020/5/25,000333.SZ,0.033607706
2020/6/1,000333.SZ,-0.001354844
2020/6/8,000333.SZ,0.037855251
2020/6/15,000333.SZ,0.001678473
2020/6/22,000333.SZ,0.002513342
2020/6/29,000333.SZ,0.042955068
2020/7/6,000333.SZ,0.016185867
2020/7/13,000333.SZ,0.008200572
2020/7/20,000333.SZ,0.047239159
2020/7/27,000333.SZ,0.074383986
2020/8/3,000333.SZ,-0.019324397
2020/8/10,000333.SZ,0.021406383
2020/8/17,000333.SZ,-0.037196451
2020/8/24,000333.SZ,0.013118113
2020/8/31,000333.SZ,-0.021200951
2020/9/7,000333.SZ,-0.036051781
2020/9/14,000333.SZ,0.070728416
2020/9/21,000333.SZ,-0.008732479
2020/9/28,000333.SZ,0.032253613
2020/10/5,000333.SZ,0.008533847
2020/10/12,000333.SZ,0.020881805
2020/10/19,000333.SZ,0.013101601
2020/10/26,000333.SZ,0.028107727
2020/11/2,000333.SZ,0.156975911
2020/11/9,000333.SZ,0.004215632
2020/11/16,000333.SZ,0.011820585
2020/11/23,000333.SZ,-0.041379892
2020/11/30,000333.SZ,0.006377986
2020/12/7,000333.SZ,-0.049343515
2020/12/14,000333.SZ,0.063095278
2020/12/21,000333.SZ,0.047928197
2020/12/28,000333.SZ,0.051934281
2021/1/4,000333.SZ,0.046424251
2021/1/11,000333.SZ,-0.032229842
2021/1/18,000333.SZ,0.008827239
2021/1/25,000333.SZ,-0.042159683
2021/2/1,000333.SZ,0.009550535
2021/2/8,000333.SZ,0.101388204
2021/2/15,000333.SZ,-0.085146181
2021/2/22,000333.SZ,-0.050107182
2021/3/1,000333.SZ,-0.038461444
2021/3/8,000333.SZ,-0.039553192
2021/3/15,000333.SZ,-0.007561606
2021/3/22,000333.SZ,-0.038682422
2021/3/29,000333.SZ,0.06218739
2021/4/5,000333.SZ,-0.076454868
2021/4/12,000333.SZ,-0.006836557
2021/4/19,000333.SZ,0.04956191
2021/4/26,000333.SZ,-0.044001992
2021/5/3,000333.SZ,-0.063489999
2021/5/10,000333.SZ,0.018113968
2021/5/17,000333.SZ,0.066849942
2021/5/24,000333.SZ,0.012017055
2021/5/31,000333.SZ,-0.058160614
2021/6/7,000333.SZ,-0.028592558
2021/6/14,000333.SZ,-0.00270281
2021/6/21,000333.SZ,-0.008536562
2021/6/28,000333.SZ,-0.028290298
2021/7/5,000333.SZ,-0.026722956
2021/7/12,000333.SZ,0.007225472
2021/7/19,000333.SZ,-0.039311374
2021/7/26,000333.SZ,-0.051523285
2021/8/2,000333.SZ,0.107699605
2021/8/9,000333.SZ,0.01791046
2021/8/16,000333.SZ,0.005446166
2021/8/23,000333.SZ,-0.058333314
2021/8/30,000333.SZ,0.033038285
2021/9/6,000333.SZ,0.033695177
2021/9/13,000333.SZ,-0.057182346
2021/9/20,000333.SZ,-0.015528945
2021/9/27,000333.SZ,0.035714228
2021/10/4,000333.SZ,0.041666713
2021/10/11,000333.SZ,-0.020689644
2021/10/18,000333.SZ,0.049295789
2021/10/25,000333.SZ,-0.076912784
2021/11/1,000333.SZ,0.028791627
2021/11/8,000333.SZ,0.020070628
2021/11/15,000333.SZ,-0.030067848
2021/11/22,000333.SZ,-0.017000084
2021/11/29,000333.SZ,-0.023978962
2021/12/6,000333.SZ,0.070577792
2021/12/13,000333.SZ,-0.044506344
2021/12/20,000333.SZ,0.050363994
2021/12/27,000333.SZ,0.022865804
2022/1/3,000333.SZ,0.053786676
2022/1/10,000333.SZ,-0.074312112
2022/1/17,000333.SZ,0.075138974
2022/1/24,000333.SZ,-0.05438581
2022/1/31,000333.SZ,0
2022/2/7,000333.SZ,0.012841592
2022/2/14,000333.SZ,-0.015376483
2022/2/21,000333.SZ,-0.066849188
2022/2/28,000333.SZ,-0.036993565
2022/3/7,000333.SZ,-0.094817104
2022/3/14,000333.SZ,-0.0080834
2022/3/21,000333.SZ,-0.04770801
2022/3/28,000333.SZ,0.044749407
2022/4/4,000333.SZ,-0.021672274
2022/4/11,000333.SZ,0.02302462
2022/4/18,000333.SZ,-0.028644593
2022/4/25,000333.SZ,0.002106395
2022/5/2,000333.SZ,0.019442971
2022/5/9,000333.SZ,-0.020446762
2022/5/16,000333.SZ,-0.001929457
2022/5/23,000333.SZ,-0.066432384
2022/5/30,000333.SZ,-0.010542149
2022/6/6,000333.SZ,0.026266525
2022/6/13,000333.SZ,0.048038269
2022/6/20,000333.SZ,0.055515024
2022/6/27,000333.SZ,0.017127996
2022/7/4,000333.SZ,-0.003572017
2022/7/11,000333.SZ,-0.057698825
2022/7/18,000333.SZ,-0.001992851
2022/7/25,000333.SZ,-0.001996678
2022/8/1,000333.SZ,-0.0365588
2022/8/8,000333.SZ,0.003587018
2022/8/15,000333.SZ,-0.010346158
2022/8/22,000333.SZ,-0.007223047
2022/8/29,000333.SZ,0.027187512
2022/9/5,000333.SZ,0.033364329
2022/9/12,000333.SZ,-0.005771932
2022/9/19,000333.SZ,-0.06857758
2022/9/26,000333.SZ,-0.039540346
2022/10/3,000333.SZ,0
2022/10/10,000333.SZ,-0.026769453
2022/10/17,000333.SZ,-0.083142305
2022/10/24,000333.SZ,-0.07363641
2022/10/31,000333.SZ,0.057163958
2022/11/7,000333.SZ,0.058946332
2022/11/14,000333.SZ,0.051282101
2022/11/21,000333.SZ,-0.026683347
2022/11/28,000333.SZ,0.02891411
2022/12/5,000333.SZ,0.130308111
2022/12/12,000333.SZ,-0.005524887
2022/12/19,000333.SZ,-0.030000057
2022/12/26,000333.SZ,-0.011072926
2018/1/8,000651.SZ,0.113199713
2018/1/15,000651.SZ,-0.034709149
2018/1/22,000651.SZ,0.115646256
2018/1/29,000651.SZ,-0.033275072
2018/2/5,000651.SZ,-0.108848581
2018/2/12,000651.SZ,0.096865474
2018/2/19,000651.SZ,-0.003318419
2018/2/26,000651.SZ,-0.029226833
2018/3/5,000651.SZ,0.010670717
2018/3/12,000651.SZ,0.007164354
2018/3/19,000651.SZ,-0.084986933
2018/3/26,000651.SZ,-0.040507349
2018/4/2,000651.SZ,-0.002132322
2018/4/9,000651.SZ,0.013889185
2018/4/16,000651.SZ,0.008429734
2018/4/23,000651.SZ,-0.078787817
2018/4/30,000651.SZ,0.040834844
2018/5/7,000651.SZ,0.035309401
2018/5/14,000651.SZ,0.016210463
2018/5/21,000651.SZ,-0.052413435
2018/5/28,000651.SZ,0.018364706
2018/6/4,000651.SZ,0.033705466
2018/6/11,000651.SZ,0.017860752
2018/6/18,000651.SZ,-0.019383889
2018/6/25,000651.SZ,-0.01893446
2018/7/2,000651.SZ,-0.062566386
2018/7/9,000651.SZ,0.051131445
2018/7/16,000651.SZ,-0.03013358
2018/7/23,000651.SZ,-0.02086112
2018/7/30,000651.SZ,-0.104487857
2018/8/6,000651.SZ,0.030118975
2018/8/13,000651.SZ,-0.066338976
2018/8/20,000651.SZ,0.024736755
2018/8/27,000651.SZ,0.000256932
2018/9/3,000651.SZ,-0.061874116
2018/9/10,000651.SZ,0.014778257
2018/9/17,000651.SZ,0.07524256
2018/9/24,000651.SZ,0.00827717
2018/10/1,000651.SZ,0
2018/10/8,000651.SZ,-0.037313597
2018/10/15,000651.SZ,-0.001808696
2018/10/22,000651.SZ,0.004400646
2018/10/29,000651.SZ,0.035051482
2018/11/5,000651.SZ,-0.037848483
2018/11/12,000651.SZ,-0.001294072
2018/11/19,000651.SZ,-0.029282218
2018/11/26,000651.SZ,-0.016284024
2018/12/3,000651.SZ,-0.010040648
2018/12/10,000651.SZ,0.023300618
2018/12/17,000651.SZ,-0.033753291
2018/12/24,000651.SZ,-0.010534924
2018/12/31,000651.SZ,0.026898168
2019/1/7,000651.SZ,0.029467883
2019/1/14,000651.SZ,0.032865189
2019/1/21,000651.SZ,0.023864439
2019/1/28,000651.SZ,0.051629094
2019/2/4,000651.SZ,0
2019/2/11,000651.SZ,0.018827554
2019/2/18,000651.SZ,0.051695682
2019/2/25,000651.SZ,0.017126331
2019/3/4,000651.SZ,-0.013513494
2019/3/11,000651.SZ,0.054145404
2019/3/18,000651.SZ,-0.016198004
2019/3/25,000651.SZ,0.022747207
2019/4/1,000651.SZ,0
2019/4/8,000651.SZ,0.155475383
2019/4/15,000651.SZ,0.191567373
2019/4/22,000651.SZ,-0.13569229
2019/4/29,000651.SZ,-0.010679783
2019/5/6,000651.SZ,-0.005937487
2019/5/13,000651.SZ,-0.008144977
2019/5/20,000651.SZ,-0.01642314
2019/5/27,000651.SZ,-0.029499098
2019/6/3,000651.SZ,0.005543883
2019/6/10,000651.SZ,-0.027376423
2019/6/17,000651.SZ,0.04202486
2019/6/24,000651.SZ,0.031701386
2019/7/1,000651.SZ,0.056363609
2019/7/8,000651.SZ,-0.027882755
2019/7/15,000651.SZ,-0.04036844
2019/7/22,000651.SZ,0.023247159
2019/7/29,000651.SZ,-0.03660293
2019/8/5,000651.SZ,-0.065319079
2019/8/12,000651.SZ,0.056133451
2019/8/19,000651.SZ,0.071024179
2019/8/26,000651.SZ,0.011113455
2019/9/2,000651.SZ,0.059459218
2019/9/9,000651.SZ,0.013775668
2019/9/16,000651.SZ,-0.026337965
2019/9/23,000651.SZ,-0.019641549
2019/9/30,000651.SZ,0.007029772
2019/10/7,000651.SZ,0.022164055
2019/10/14,000651.SZ,-0.013146706
2019/10/21,000651.SZ,-0.011245553
2019/10/28,000651.SZ,0.116010427
2019/11/4,000651.SZ,-0.002665511
2019/11/11,000651.SZ,-0.074673546
2019/11/18,000651.SZ,-0.036357741
2019/11/25,000651.SZ,0.017454352
2019/12/2,000651.SZ,0.08109498
2019/12/9,000651.SZ,0.009617117
2019/12/16,000651.SZ,0.024130716
2019/12/23,000651.SZ,0.000310122
2019/12/30,000651.SZ,0.039826299
2020/1/6,000651.SZ,0.039493287
2020/1/13,000651.SZ,-0.026379864
2020/1/20,000651.SZ,-0.058459749
2020/1/27,000651.SZ,0.000312723
2020/2/3,000651.SZ,-0.024702882
2020/2/10,000651.SZ,0.005610814
2020/2/17,000651.SZ,-0.001434608
2020/2/24,000651.SZ,-0.054917188
2020/3/2,000651.SZ,0.038513451
2020/3/9,000651.SZ,-0.074170262
2020/3/16,000651.SZ,-0.094167356
2020/3/23,000651.SZ,0.01861907
2020/3/30,000651.SZ,-0.010281783
2020/4/6,000651.SZ,0.033859233
2020/4/13,000651.SZ,0.017677685
2020/4/20,000651.SZ,-0.009690965
2020/4/27,000651.SZ,0.011632056
2020/5/4,000651.SZ,0.039605912
2020/5/11,000651.SZ,0.017204963
2020/5/18,000651.SZ,-0.039868785
2020/5/25,000651.SZ,0.020312693
2020/6/1,000651.SZ,0.060077647
2020/6/8,000651.SZ,-0.023599811
2020/6/15,000651.SZ,0.022030087
2020/6/22,000651.SZ,-0.028027795
2020/6/29,000651.SZ,0.021321007
2020/7/6,000651.SZ,0.009411575
2020/7/13,000651.SZ,-0.030174762
2020/7/20,000651.SZ,-0.000873855
2020/7/27,000651.SZ,-0.004373721
2020/8/3,000651.SZ,-0.011597305
2020/8/10,000651.SZ,0
2020/8/17,000651.SZ,-0.036266663
2020/8/24,000651.SZ,0.01531083
2020/8/31,000651.SZ,-0.003633693
2020/9/7,000651.SZ,0.000182231
2020/9/14,000651.SZ,0.012762215
2020/9/21,000651.SZ,-0.027002632
2020/9/28,000651.SZ,-0.014616196
2020/10/5,000651.SZ,0.02722499
2020/10/12,000651.SZ,0.054103319
2020/10/19,000651.SZ,0.016126357
2020/10/26,000651.SZ,-0.003071605
2020/11/2,000651.SZ,0.136254528
2020/11/9,000651.SZ,-0.001807683
2020/11/16,000651.SZ,0.04056267
2020/11/23,000651.SZ,-0.018262193
2020/11/30,000651.SZ,0.035103385
2020/12/7,000651.SZ,-0.07536226
2020/12/14,000651.SZ,-0.038087755
2020/12/21,000651.SZ,-0.035196395
2020/12/28,000651.SZ,0.046107028
2021/1/4,000651.SZ,0.044559245
2021/1/11,000651.SZ,-0.020092701
2021/1/18,000651.SZ,-0.049999917
2021/1/25,000651.SZ,-0.065249961
2021/2/1,000651.SZ,0.046891656
2021/2/8,000651.SZ,0.02629791
2021/2/15,000651.SZ,0.008927128
2021/2/22,000651.SZ,-0.033262348
2021/3/1,000651.SZ,-0.014745637
2021/3/8,000651.SZ,0.006364878
2021/3/15,000651.SZ,0.02564114
2021/3/22,000651.SZ,0.02699993
2021/3/29,000651.SZ,0.013307374
2021/4/5,000651.SZ,-0.012652035
2021/4/12,000651.SZ,-0.012489831
2021/4/19,000651.SZ,-0.017575663
2021/4/26,000651.SZ,0.001671952
2021/5/3,000651.SZ,-0.005842105
2021/5/10,000651.SZ,-0.030557333
2021/5/17,000651.SZ,-0.004156627
2021/5/24,000651.SZ,-0.008869646
2021/5/31,000651.SZ,-0.017722352
2021/6/7,000651.SZ,-0.024294433
2021/6/14,000651.SZ,-0.017209809
2021/6/21,000651.SZ,-0.027011818
2021/6/28,000651.SZ,-0.023741201
2021/7/5,000651.SZ,-0.033143812
2021/7/12,000651.SZ,0.013996018
2021/7/19,000651.SZ,-0.019403821
2021/7/26,000651.SZ,-0.031007779
2021/8/2,000651.SZ,0.005052603
2021/8/9,000651.SZ,-0.025555155
2021/8/16,000651.SZ,-0.009028324
2021/8/23,000651.SZ,-0.070932734
2021/8/30,000651.SZ,0.013665464
2021/9/6,000651.SZ,0.016013792
2021/9/13,000651.SZ,-0.072260113
2021/9/20,000651.SZ,-0.009147854
2021/9/27,000651.SZ,0.02215778
2021/10/4,000651.SZ,0.027354891
2021/10/11,000651.SZ,-0.019090714
2021/10/18,000651.SZ,0.04148515
2021/10/25,000651.SZ,-0.098844148
2021/11/1,000651.SZ,-0.007912777
2021/11/8,000651.SZ,-0.025577523
2021/11/15,000651.SZ,0.013547777
2021/11/22,000651.SZ,-0.02172086
2021/11/29,000651.SZ,-0.004269931
2021/12/6,000651.SZ,0.046312105
2021/12/13,000651.SZ,-0.030054541
2021/12/20,000651.SZ,0.002816819
2021/12/27,000651.SZ,0.040168558
2022/1/3,000651.SZ,0.083985986
2022/1/10,000651.SZ,-0.047085234
2022/1/17,000651.SZ,0.022222312
2022/1/24,000651.SZ,-0.032480831
2022/1/31,000651.SZ,0
2022/2/7,000651.SZ,0.054718495
2022/2/14,000651.SZ,-0.021553962
2022/2/21,000651.SZ,-0.047899699
2022/2/28,000651.SZ,-0.036050481
2022/3/7,000651.SZ,-0.056656489
2022/3/14,000651.SZ,-0.045562058
2022/3/21,000651.SZ,-0.022938611
2022/3/28,000651.SZ,0.047588936
2022/4/4,000651.SZ,-0.024530724
2022/4/11,000651.SZ,0.03661449
2022/4/18,000651.SZ,-0.012044508
2022/4/25,000651.SZ,-0.024382552
2022/5/2,000651.SZ,0.088112701
2022/5/9,000651.SZ,-0.012661961
2022/5/16,000651.SZ,-0.008947161
2022/5/23,000651.SZ,-0.051158595
2022/5/30,000651.SZ,-0.000317168
2022/6/6,000651.SZ,0.000951735
2022/6/13,000651.SZ,0.034865408
2022/6/20,000651.SZ,0.038284815
2022/6/27,000651.SZ,-0.013274293
2022/7/4,000651.SZ,-0.001494816
2022/7/11,000651.SZ,0.008981984
2022/7/18,000651.SZ,0.007121621
2022/7/25,000651.SZ,-0.020035332
2022/8/1,000651.SZ,-0.076067336
2022/8/8,000651.SZ,0.071864911
2022/8/15,000651.SZ,-0.013920413
2022/8/22,000651.SZ,-0.010177218
2022/8/29,000651.SZ,0.095190751
2022/9/5,000651.SZ,0.049969593
2022/9/12,000651.SZ,-0.002307394
2022/9/19,000651.SZ,-0.043654146
2022/9/26,000651.SZ,-0.019649403
2022/10/3,000651.SZ,0
2022/10/10,000651.SZ,-0.001233484
2022/10/17,000651.SZ,-0.055263954
2022/10/24,000651.SZ,-0.013398678
2022/10/31,000651.SZ,-0.000993771
2022/11/7,000651.SZ,0.031498761
2022/11/14,000651.SZ,0.020893609
2022/11/21,000651.SZ,0
2022/11/28,000651.SZ,0.014798462
2022/12/5,000651.SZ,0.051194548
2022/12/12,000651.SZ,-0.018299956
2022/12/19,000651.SZ,-0.014431788
2022/12/26,000651.SZ,-0.01403286
2018/1/8,000725.SZ,0.08781385
2018/1/15,000725.SZ,0.09555181
2018/1/22,000725.SZ,-0.055639053
2018/1/29,000725.SZ,-0.095541491
2018/2/5,000725.SZ,-0.086267635
2018/2/12,000725.SZ,0.065510757
2018/2/19,000725.SZ,0.009041389
2018/2/26,000725.SZ,0.003584323
2018/3/5,000725.SZ,0.048214345
2018/3/12,000725.SZ,-0.013628609
2018/3/19,000725.SZ,-0.056994864
2018/3/26,000725.SZ,-0.025641104
2018/4/2,000725.SZ,-0.035714159
2018/4/9,000725.SZ,0.023391688
2018/4/16,000725.SZ,-0.144761801
2018/4/23,000725.SZ,-0.037861884
2018/4/30,000725.SZ,0.020833253
2018/5/7,000725.SZ,0.002267633
2018/5/14,000725.SZ,-0.018099532
2018/5/21,000725.SZ,-0.050691386
2018/5/28,000725.SZ,-0.019417331
2018/6/4,000725.SZ,0
2018/6/11,000725.SZ,-0.03217819
2018/6/18,000725.SZ,-0.115089549
2018/6/25,000725.SZ,0.023121367
2018/7/2,000725.SZ,-0.048232221
2018/7/9,000725.SZ,0.072289176
2018/7/16,000725.SZ,-0.005618029
2018/7/23,000725.SZ,0.048022701
2018/7/30,000725.SZ,-0.070080924
2018/8/6,000725.SZ,0.04637685
2018/8/13,000725.SZ,-0.033241005
2018/8/20,000725.SZ,0.014326588
2018/8/27,000725.SZ,-0.036723087
2018/9/3,000725.SZ,-0.029325468
2018/9/10,000725.SZ,-0.027190377
2018/9/17,000725.SZ,0.006211154
2018/9/24,000725.SZ,-0.027777744
2018/10/1,000725.SZ,0
2018/10/8,000725.SZ,-0.146031636
2018/10/15,000725.SZ,0.011152368
2018/10/22,000725.SZ,0.025735184
2018/10/29,000725.SZ,0.035842334
2018/11/5,000725.SZ,-0.034602114
2018/11/12,000725.SZ,0.053763501
2018/11/19,000725.SZ,-0.078231231
2018/11/26,000725.SZ,0.025830147
2018/12/3,000725.SZ,-0.010791417
2018/12/10,000725.SZ,-0.007272697
2018/12/17,000725.SZ,-0.04761914
2018/12/24,000725.SZ,0.011538619
2018/12/31,000725.SZ,0
2019/1/7,000725.SZ,0.019011326
2019/1/14,000725.SZ,0.007462755
2019/1/21,000725.SZ,-0.022222128
2019/1/28,000725.SZ,-0.007576026
2019/2/4,000725.SZ,0
2019/2/11,000725.SZ,0.366412451
2019/2/18,000725.SZ,0.064245687
2019/2/25,000725.SZ,0.12335977
2019/3/4,000725.SZ,-0.060747652
2019/3/11,000725.SZ,-0.04975136
2019/3/18,000725.SZ,0.065445101
2019/3/25,000725.SZ,-0.04176906
2019/4/1,000725.SZ,0.020512734
2019/4/8,000725.SZ,-0.03768842
2019/4/15,000725.SZ,0.03133167
2019/4/22,000725.SZ,-0.032911455
2019/4/29,000725.SZ,-0.057591522
2019/5/6,000725.SZ,-0.02777788
2019/5/13,000725.SZ,-0.051428584
2019/5/20,000725.SZ,0.018072534
2019/5/27,000725.SZ,0.017751244
2019/6/3,000725.SZ,-0.026539769
2019/6/10,000725.SZ,0.021084378
2019/6/17,000725.SZ,0.032448395
2019/6/24,000725.SZ,-0.0171429
2019/7/1,000725.SZ,0.061046629
2019/7/8,000725.SZ,0.021917838
2019/7/15,000725.SZ,0.080428866
2019/7/22,000725.SZ,0.042183478
2019/7/29,000725.SZ,-0.064285539
2019/8/5,000725.SZ,-0.053435145
2019/8/12,000725.SZ,0.026881669
2019/8/19,000725.SZ,0.039267012
2019/8/26,000725.SZ,-0.07808563
2019/9/2,000725.SZ,0.068306099
2019/9/9,000725.SZ,0.030690477
2019/9/16,000725.SZ,-0.022332529
2019/9/23,000725.SZ,-0.045685261
2019/9/30,000725.SZ,-0.002659569
2019/10/7,000725.SZ,0.002666662
2019/10/14,000725.SZ,-0.031914833
2019/10/21,000725.SZ,0.016483484
2019/10/28,000725.SZ,-0.029729815
2019/11/4,000725.SZ,0.011142114
2019/11/11,000725.SZ,0.016529039
2019/11/18,000725.SZ,-0.010840158
2019/11/25,000725.SZ,0.068493089
2019/12/2,000725.SZ,0.043589729
2019/12/9,000725.SZ,0.009828056
2019/12/16,000725.SZ,0.138686121
2019/12/23,000725.SZ,-0.008546992
2019/12/30,000725.SZ,0.019396571
2020/1/6,000725.SZ,0.046511649
2020/1/13,000725.SZ,-0.024242589
2020/1/20,000725.SZ,-0.022774232
2020/1/27,000725.SZ,0.002118696
2020/2/3,000725.SZ,-0.014799292
2020/2/10,000725.SZ,0.004291951
2020/2/17,000725.SZ,0.143162288
2020/2/24,000725.SZ,-0.084111947
2020/3/2,000725.SZ,0.053061009
2020/3/9,000725.SZ,-0.129844978
2020/3/16,000725.SZ,-0.064588032
2020/3/23,000725.SZ,-0.059523705
2020/3/30,000725.SZ,-0.030379757
2020/4/6,000725.SZ,-0.007832815
2020/4/13,000725.SZ,0.023684165
2020/4/20,000725.SZ,-0.048843163
2020/4/27,000725.SZ,0.016216185
2020/5/4,000725.SZ,0.029255264
2020/5/11,000725.SZ,0.01808789
2020/5/18,000725.SZ,-0.043147127
2020/5/25,000725.SZ,-0.015915158
2020/6/1,000725.SZ,0.167115796
2020/6/8,000725.SZ,0.069284242
2020/6/15,000725.SZ,-0.012959051
2020/6/22,000725.SZ,-0.010940956
2020/6/29,000725.SZ,0.059734577
2020/7/6,000725.SZ,0.060542736
2020/7/13,000725.SZ,-0.084761117
2020/7/20,000725.SZ,-0.02375824
2020/7/27,000725.SZ,0.033185989
2020/8/3,000725.SZ,0.025695819
2020/8/10,000725.SZ,0.03131527
2020/8/17,000725.SZ,0.050607264
2020/8/24,000725.SZ,0.046242778
2020/8/31,000725.SZ,0.034990819
2020/9/7,000725.SZ,-0.067615801
2020/9/14,000725.SZ,0.003816945
2020/9/21,000725.SZ,-0.072243399
2020/9/28,000725.SZ,0.006147568
2020/10/5,000725.SZ,0.059063115
2020/10/12,000725.SZ,-0.053846059
2020/10/19,000725.SZ,-0.026422844
2020/10/26,000725.SZ,-0.012526042
2020/11/2,000725.SZ,0.107822219
2020/11/9,000725.SZ,0.022900868
2020/11/16,000725.SZ,0.00559704
2020/11/23,000725.SZ,-0.027829437
2020/11/30,000725.SZ,0.022900868
2020/12/7,000725.SZ,-0.052238713
2020/12/14,000725.SZ,0.019684988
2020/12/21,000725.SZ,0.098455629
2020/12/28,000725.SZ,0.054481479
2021/1/4,000725.SZ,0.071666607
2021/1/11,000725.SZ,0.057542838
2021/1/18,000725.SZ,0.048529473
2021/1/25,000725.SZ,-0.133239926
2021/2/1,000725.SZ,-0.046925636
2021/2/8,000725.SZ,0.05093393
2021/2/15,000725.SZ,0.012924072
2021/2/22,000725.SZ,-0.028708094
2021/3/1,000725.SZ,0.022988549
2021/3/8,000725.SZ,-0.025682182
2021/3/15,000725.SZ,-0.008237383
2021/3/22,000725.SZ,0.05315624
2021/3/29,000725.SZ,0.004731799
2021/4/5,000725.SZ,0.037676695
2021/4/12,000725.SZ,0.052949938
2021/4/19,000725.SZ,0.045977169
2021/4/26,000725.SZ,0.006868042
2021/5/3,000725.SZ,-0.098226404
2021/5/10,000725.SZ,-0.004538677
2021/5/17,000725.SZ,0.007598845
2021/5/24,000725.SZ,-0.049773739
2021/5/31,000725.SZ,-0.034920678
2021/6/7,000725.SZ,0.022919447
2021/6/14,000725.SZ,0.029411928
2021/6/21,000725.SZ,0.014285669
2021/6/28,000725.SZ,-0.056338012
2021/7/5,000725.SZ,0.046434509
2021/7/12,000725.SZ,0.026941368
2021/7/19,000725.SZ,-0.063271598
2021/7/26,000725.SZ,-0.054365758
2021/8/2,000725.SZ,0.005226434
2021/8/9,000725.SZ,0.001733176
2021/8/16,000725.SZ,-0.013840885
2021/8/23,000725.SZ,0
2021/8/30,000725.SZ,0.021052716
2021/9/6,000725.SZ,0.015463779
2021/9/13,000725.SZ,-0.050761323
2021/9/20,000725.SZ,-0.069518832
2021/9/27,000725.SZ,-0.032566961
2021/10/4,000725.SZ,0.051485202
2021/10/11,000725.SZ,-0.033898294
2021/10/18,000725.SZ,-0.031189307
2021/10/25,000725.SZ,-0.012072329
2021/11/1,000725.SZ,0.020366629
2021/11/8,000725.SZ,0.00199599
2021/11/15,000725.SZ,-0.017928334
2021/11/22,000725.SZ,-0.00405676
2021/11/29,000725.SZ,-0.008146568
2021/12/6,000725.SZ,0.059548254
2021/12/13,000725.SZ,-0.02131784
2021/12/20,000725.SZ,-0.019802008
2021/12/27,000725.SZ,0.02020205
2022/1/3,000725.SZ,0.019802008
2022/1/10,000725.SZ,-0.034951645
2022/1/17,000725.SZ,0.004024214
2022/1/24,000725.SZ,-0.028056072
2022/1/31,000725.SZ,0
2022/2/7,000725.SZ,0.030927987
2022/2/14,000725.SZ,-0.018000148
2022/2/21,000725.SZ,-0.024439913
2022/2/28,000725.SZ,-0.029227515
2022/3/7,000725.SZ,-0.045161333
2022/3/14,000725.SZ,-0.031531427
2022/3/21,000725.SZ,-0.016279104
2022/3/28,000725.SZ,0.018912483
2022/4/4,000725.SZ,-0.025522115
2022/4/11,000725.SZ,-0.021428445
2022/4/18,000725.SZ,-0.034063271
2022/4/25,000725.SZ,-0.042821167
2022/5/2,000725.SZ,-0.034210561
2022/5/9,000725.SZ,0.040871924
2022/5/16,000725.SZ,0.031413605
2022/5/23,000725.SZ,-0.002537983
2022/5/30,000725.SZ,-0.043257071
2022/6/6,000725.SZ,0.042403052
2022/6/13,000725.SZ,0.045822131
2022/6/20,000725.SZ,0.002577269
2022/6/27,000725.SZ,0.010282827
2022/7/4,000725.SZ,-0.002544542
2022/7/11,000725.SZ,-0.045918344
2022/7/18,000725.SZ,0.040106887
2022/7/25,000725.SZ,0
2022/8/1,000725.SZ,-0.012853471
2022/8/8,000725.SZ,0.028645848
2022/8/15,000725.SZ,0
2022/8/22,000725.SZ,-0.040506282
2022/8/29,000725.SZ,-0.044854972
2022/9/5,000725.SZ,0
2022/9/12,000725.SZ,-0.046961291
2022/9/19,000725.SZ,-0.017391249
2022/9/26,000725.SZ,-0.035398259
2022/10/3,000725.SZ,0
2022/10/10,000725.SZ,0.085626885
2022/10/17,000725.SZ,0.014084508
2022/10/24,000725.SZ,-0.024999988
2022/10/31,000725.SZ,0.008546981
2022/11/7,000725.SZ,0.002824873
2022/11/14,000725.SZ,0.01971827
2022/11/21,000725.SZ,-0.011049711
2022/11/28,000725.SZ,-0.008379862
2022/12/5,000725.SZ,0.016901423
2022/12/12,000725.SZ,-0.005540194
2022/12/19,000725.SZ,-0.055710243
2022/12/26,000725.SZ,-0.002949795
2018/1/8,000858.SZ,0.105103797
2018/1/15,000858.SZ,-0.067855907
2018/1/22,000858.SZ,0.019607765
2018/1/29,000858.SZ,-0.05251039
2018/2/5,000858.SZ,-0.134662066
2018/2/12,000858.SZ,0.075842682
2018/2/19,000858.SZ,0.039686664
2018/2/26,000858.SZ,-0.078101396
2018/3/5,000858.SZ,0.050122505
2018/3/12,000858.SZ,-0.002982944
2018/3/19,000858.SZ,-0.071549521
2018/3/26,000858.SZ,-0.070197407
2018/4/2,000858.SZ,0.053345261
2018/4/9,000858.SZ,-0.027467763
2018/4/16,000858.SZ,0.024271795
2018/4/23,000858.SZ,-0.023696635
2018/4/30,000858.SZ,0.072374314
2018/5/7,000858.SZ,0.057064345
2018/5/14,000858.SZ,0.006877637
2018/5/21,000858.SZ,-0.042402285
2018/5/28,000858.SZ,0.05814277
2018/6/4,000858.SZ,0.02251333
2018/6/11,000858.SZ,0.035576434
2018/6/18,000858.SZ,-0.036876772
2018/6/25,000858.SZ,-0.052132603
2018/7/2,000858.SZ,-0.070789722
2018/7/9,000858.SZ,0.092700645
2018/7/16,000858.SZ,-0.030627286
2018/7/23,000858.SZ,0.010350133
2018/7/30,000858.SZ,-0.114840369
2018/8/6,000858.SZ,0.005786521
2018/8/13,000858.SZ,-0.082361871
2018/8/20,000858.SZ,0.038772601
2018/8/27,000858.SZ,-0.016836144
2018/9/3,000858.SZ,-0.018255276
2018/9/10,000858.SZ,0.012506128
2018/9/17,000858.SZ,0.079473465
2018/9/24,000858.SZ,0.023035167
2018/10/1,000858.SZ,0
2018/10/8,000858.SZ,-0.113907228
2018/10/15,000858.SZ,-0.011958113
2018/10/22,000858.SZ,-0.087241548
2018/10/29,000858.SZ,-0.011233977
2018/11/5,000858.SZ,-0.068541663
2018/11/12,000858.SZ,0.013597339
2018/11/19,000858.SZ,-0.013217552
2018/11/26,000858.SZ,0.047381058
2018/12/3,000858.SZ,0.015461004
2018/12/10,000858.SZ,-0.003947411
2018/12/17,000858.SZ,-0.045102813
2018/12/24,000858.SZ,0.005533685
2018/12/31,000858.SZ,-0.026336635
2019/1/7,000858.SZ,0.023213549
2019/1/14,000858.SZ,0.062931701
2019/1/21,000858.SZ,0.025426836
2019/1/28,000858.SZ,0.107330149
2019/2/4,000858.SZ,0
2019/2/11,000858.SZ,0.08532212
2019/2/18,000858.SZ,0.031626589
2019/2/25,000858.SZ,0.108029163
2019/3/4,000858.SZ,-0.058761536
2019/3/11,000858.SZ,0.102743575
2019/3/18,000858.SZ,0.092282289
2019/3/25,000858.SZ,0.104009294
2019/4/1,000858.SZ,0.05505262
2019/4/8,000858.SZ,-0.006086009
2019/4/15,000858.SZ,0.020477729
2019/4/22,000858.SZ,0.0060004
2019/4/29,000858.SZ,0.000880063
2019/5/6,000858.SZ,-0.030871441
2019/5/13,000858.SZ,0.073185424
2019/5/20,000858.SZ,-0.051098981
2019/5/27,000858.SZ,0.00227686
2019/6/3,000858.SZ,-0.039111169
2019/6/10,000858.SZ,0.097675989
2019/6/17,000858.SZ,0.076410059
2019/6/24,000858.SZ,0.043989909
2019/7/1,000858.SZ,0.100551204
2019/7/8,000858.SZ,-0.032586056
2019/7/15,000858.SZ,-0.02739292
2019/7/22,000858.SZ,-0.007286665
2019/7/29,000858.SZ,-0.025814363
2019/8/5,000858.SZ,-0.000846742
2019/8/12,000858.SZ,0.070157626
2019/8/19,000858.SZ,0.030087142
2019/8/26,000858.SZ,0.087624845
2019/9/2,000858.SZ,-0.010530004
2019/9/9,000858.SZ,-0.060424255
2019/9/16,000858.SZ,0.040212794
2019/9/23,000858.SZ,-0.022215615
2019/9/30,000858.SZ,-0.029895414
2019/10/7,000858.SZ,0.01117101
2019/10/14,000858.SZ,-0.030095224
2019/10/21,000858.SZ,0.00706994
2019/10/28,000858.SZ,0.042901614
2019/11/4,000858.SZ,0.006656896
2019/11/11,000858.SZ,-0.009361937
2019/11/18,000858.SZ,-0.032700829
2019/11/25,000858.SZ,-0.01101025
2019/12/2,000858.SZ,0.026891358
2019/12/9,000858.SZ,-0.011146667
2019/12/16,000858.SZ,-0.003242716
2019/12/23,000858.SZ,-0.000774661
2019/12/30,000858.SZ,0.012015484
2020/1/6,000858.SZ,0.023515816
2020/1/13,000858.SZ,0.036895792
2020/1/20,000858.SZ,-0.08942616
2020/1/27,000858.SZ,0
2020/2/3,000858.SZ,-0.044229621
2020/2/10,000858.SZ,0.02363578
2020/2/17,000858.SZ,0.053228643
2020/2/24,000858.SZ,-0.072307765
2020/3/2,000858.SZ,0.078524091
2020/3/9,000858.SZ,-0.057430725
2020/3/16,000858.SZ,-0.113702974
2020/3/23,000858.SZ,0.065801517
2020/3/30,000858.SZ,0.014765562
2020/4/6,000858.SZ,0.07641257
2020/4/13,000858.SZ,0.018260751
2020/4/20,000858.SZ,0.022513866
2020/4/27,000858.SZ,0.03097711
2020/5/4,000858.SZ,0.053170315
2020/5/11,000858.SZ,0.014544469
2020/5/18,000858.SZ,-0.00503124
2020/5/25,000858.SZ,0.026599961
2020/6/1,000858.SZ,0.080431955
2020/6/8,000858.SZ,0.001686263
2020/6/15,000858.SZ,0.032795038
2020/6/22,000858.SZ,0.017868926
2020/6/29,000858.SZ,0.13439455
2020/7/6,000858.SZ,0.096804916
2020/7/13,000858.SZ,-0.006666671
2020/7/20,000858.SZ,-0.020523293
2020/7/27,000858.SZ,0.080089437
2020/8/3,000858.SZ,-0.047211959
2020/8/10,000858.SZ,0.027212233
2020/8/17,000858.SZ,0.025833647
2020/8/24,000858.SZ,0.101144882
2020/8/31,000858.SZ,-0.042704549
2020/9/7,000858.SZ,-0.010728843
2020/9/14,000858.SZ,0.007771717
2020/9/21,000858.SZ,-0.05472296
2020/9/28,000858.SZ,0.017560787
2020/10/5,000858.SZ,0.030891913
2020/10/12,000858.SZ,0.040906916
2020/10/19,000858.SZ,0.002532722
2020/10/26,000858.SZ,0.027452588
2020/11/2,000858.SZ,0.062617859
2020/11/9,000858.SZ,0.021982326
2020/11/16,000858.SZ,0.013094265
2020/11/23,000858.SZ,-0.022982042
2020/11/30,000858.SZ,0.018642793
2020/12/7,000858.SZ,0.001234943
2020/12/14,000858.SZ,0.034913348
2020/12/21,000858.SZ,-0.003395132
2020/12/28,000858.SZ,0.057733982
2021/1/4,000858.SZ,0.086174442
2021/1/11,000858.SZ,-0.092428989
2021/1/18,000858.SZ,0.027320069
2021/1/25,000858.SZ,-0.014954551
2021/2/1,000858.SZ,0.098303123
2021/2/8,000858.SZ,0.071584865
2021/2/15,000858.SZ,0.005107365
2021/2/22,000858.SZ,-0.18699185
2021/3/1,000858.SZ,-0.048214251
2021/3/8,000858.SZ,-0.00769233
2021/3/15,000858.SZ,-0.013840061
2021/3/22,000858.SZ,0.019786132
2021/3/29,000858.SZ,0.069975361
2021/4/5,000858.SZ,-0.06768345
2021/4/12,000858.SZ,-0.013192527
2021/4/19,000858.SZ,0.069518734
2021/4/26,000858.SZ,0.017857196
2021/5/3,000858.SZ,-0.04526329
2021/5/10,000858.SZ,0.054759203
2021/5/17,000858.SZ,0.033449582
2021/5/24,000858.SZ,0.068442442
2021/5/31,000858.SZ,-0.005049136
2021/6/7,000858.SZ,-0.043545693
2021/6/14,000858.SZ,-0.035049857
2021/6/21,000858.SZ,0.030652852
2021/6/28,000858.SZ,-0.046312291
2021/7/5,000858.SZ,-0.065552585
2021/7/12,000858.SZ,0.048335251
2021/7/19,000858.SZ,-0.022737059
2021/7/26,000858.SZ,-0.186055131
2021/8/2,000858.SZ,0.023782629
2021/8/9,000858.SZ,0.065486728
2021/8/16,000858.SZ,-0.142940277
2021/8/23,000858.SZ,-0.003391806
2021/8/30,000858.SZ,0.001021125
2021/9/6,000858.SZ,0.037932817
2021/9/13,000858.SZ,-0.054983635
2021/9/20,000858.SZ,-0.007080918
2021/9/27,000858.SZ,0.094105255
2021/10/4,000858.SZ,0.040247999
2021/10/11,000858.SZ,0.026728579
2021/10/18,000858.SZ,-0.039646615
2021/10/25,000858.SZ,-0.037861627
2021/11/1,000858.SZ,-0.02863614
2021/11/8,000858.SZ,-0.030716492
2021/11/15,000858.SZ,0.042923734
2021/11/22,000858.SZ,0.048259561
2021/11/29,000858.SZ,0.029570158
2021/12/6,000858.SZ,0.076487207
2021/12/13,000858.SZ,-0.047935175
2021/12/20,000858.SZ,0.028831453
2021/12/27,000858.SZ,-0.079689207
2022/1/3,000858.SZ,-0.022455708
2022/1/10,000858.SZ,-0.048056653
2022/1/17,000858.SZ,0.048552144
2022/1/24,000858.SZ,-0.086900485
2022/1/31,000858.SZ,0
2022/2/7,000858.SZ,-0.020717836
2022/2/14,000858.SZ,0.02434756
2022/2/21,000858.SZ,-0.042814081
2022/2/28,000858.SZ,-0.074076002
2022/3/7,000858.SZ,-0.026081515
2022/3/14,000858.SZ,-0.022530164
2022/3/21,000858.SZ,-0.063787909
2022/3/28,000858.SZ,0.017240193
2022/4/4,000858.SZ,0.004315225
2022/4/11,000858.SZ,0.057973749
2022/4/18,000858.SZ,-0.027015893
2022/4/25,000858.SZ,-0.019236498
2022/5/2,000858.SZ,-0.031271277
2022/5/9,000858.SZ,-0.00076398
2022/5/16,000858.SZ,0.035236283
2022/5/23,000858.SZ,-0.027820573
2022/5/30,000858.SZ,0.074707203
2022/6/6,000858.SZ,0.045184123
2022/6/13,000858.SZ,0.021192534
2022/6/20,000858.SZ,0.02108414
2022/6/27,000858.SZ,0.097297277
2022/7/4,000858.SZ,-0.036144703
2022/7/11,000858.SZ,-0.014530358
2022/7/18,000858.SZ,-0.02101096
2022/7/25,000858.SZ,-0.040395992
2022/8/1,000858.SZ,0.004372196
2022/8/8,000858.SZ,-0.002678863
2022/8/15,000858.SZ,-0.028203657
2022/8/22,000858.SZ,-0.020499837
2022/8/29,000858.SZ,-0.048559659
2022/9/5,000858.SZ,-0.002348054
2022/9/12,000858.SZ,-0.00235348
2022/9/19,000858.SZ,-0.012105681
2022/9/26,000858.SZ,0.063469913
2022/10/3,000858.SZ,0
2022/10/10,000858.SZ,-0.059741136
2022/10/17,000858.SZ,-0.043803387
2022/10/24,000858.SZ,-0.096286589
2022/10/31,000858.SZ,0.090909166
2022/11/7,000858.SZ,0.000133319
2022/11/14,000858.SZ,0.023930079
2022/11/21,000858.SZ,-0.040557197
2022/11/28,000858.SZ,0.106391546
2022/12/5,000858.SZ,0.123942168
2022/12/12,000858.SZ,-0.004092294
2022/12/19,000858.SZ,-0.012217853
2022/12/26,000858.SZ,0.002218686
2018/1/8,002415.SZ,0.076420299
2018/1/15,002415.SZ,-0.058850801
2018/1/22,002415.SZ,0.019354867
2018/1/29,002415.SZ,-0.021665032
2018/2/5,002415.SZ,-0.070415662
2018/2/12,002415.SZ,0.055942207
2018/2/19,002415.SZ,0.038783179
2018/2/26,002415.SZ,0.044411909
2018/3/5,002415.SZ,0.021729187
2018/3/12,002415.SZ,-0.047335981
2018/3/19,002415.SZ,0.02712442
2018/3/26,002415.SZ,-0.034821427
2018/4/2,002415.SZ,-0.004842584
2018/4/9,002415.SZ,0.010705657
2018/4/16,002415.SZ,-0.077274718
2018/4/23,002415.SZ,0.004434977
2018/4/30,002415.SZ,0.018961078
2018/5/7,002415.SZ,0.019118124
2018/5/14,002415.SZ,0.030515123
2018/5/21,002415.SZ,-0.063106819
2018/5/28,002415.SZ,0.014932357
2018/6/4,002415.SZ,0.00878322
2018/6/11,002415.SZ,-0.026376388
2018/6/18,002415.SZ,-0.020252671
2018/6/25,002415.SZ,-0.003221234
2018/7/2,002415.SZ,-0.124697184
2018/7/9,002415.SZ,0.132000273
2018/7/16,002415.SZ,0.003805392
2018/7/23,002415.SZ,-0.053885959
2018/7/30,002415.SZ,-0.1405266
2018/8/6,002415.SZ,0.065601121
2018/8/13,002415.SZ,-0.042500083
2018/8/20,002415.SZ,0.031331736
2018/8/27,002415.SZ,-0.004746859
2018/9/3,002415.SZ,-0.039745661
2018/9/10,002415.SZ,-0.080794706
2018/9/17,002415.SZ,0.042146994
2018/9/24,002415.SZ,-0.006567574
2018/10/1,002415.SZ,0
2018/10/8,002415.SZ,-0.142658309
2018/10/15,002415.SZ,-0.025974112
2018/10/22,002415.SZ,0.014999966
2018/10/29,002415.SZ,0.149836074
2018/11/5,002415.SZ,-0.059264687
2018/11/12,002415.SZ,0.092979145
2018/11/19,002415.SZ,-0.084722149
2018/11/26,002415.SZ,0.03072826
2018/12/3,002415.SZ,0.005152837
2018/12/10,002415.SZ,0.024166913
2018/12/17,002415.SZ,-0.068645049
2018/12/24,002415.SZ,-0.011132398
2018/12/31,002415.SZ,0.00582301
2019/1/7,002415.SZ,0.098031699
2019/1/14,002415.SZ,0.035500781
2019/1/21,002415.SZ,-0.00543113
2019/1/28,002415.SZ,0.076109279
2019/2/4,002415.SZ,0
2019/2/11,002415.SZ,0.012686278
2019/2/18,002415.SZ,0.099279643
2019/2/25,002415.SZ,-0.01168075
2019/3/4,002415.SZ,-0.00835979
2019/3/11,002415.SZ,0.042151073
2019/3/18,002415.SZ,-0.034867475
2019/3/25,002415.SZ,0.013583836
2019/4/1,002415.SZ,0.019960012
2019/4/8,002415.SZ,-0.035504481
2019/4/15,002415.SZ,0.011594154
2019/4/22,002415.SZ,-0.088825298
2019/4/29,002415.SZ,0.027673077
2019/5/6,002415.SZ,-0.088127285
2019/5/13,002415.SZ,-0.05973167
2019/5/20,002415.SZ,-0.119557409
2019/5/27,002415.SZ,0.03210538
2019/6/3,002415.SZ,-0.045893812
2019/6/10,002415.SZ,0.071729957
2019/6/17,002415.SZ,0.078740226
2019/6/24,002415.SZ,0.006569225
2019/7/1,002415.SZ,0.020667272
2019/7/8,002415.SZ,-0.041918436
2019/7/15,002415.SZ,-0.018168179
2019/7/22,002415.SZ,0.163141889
2019/7/29,002415.SZ,-0.038311613
2019/8/5,002415.SZ,-0.051654298
2019/8/12,002415.SZ,0.068351743
2019/8/19,002415.SZ,0.055648107
2019/8/26,002415.SZ,-0.023989948
2019/9/2,002415.SZ,0.096054412
2019/9/9,002415.SZ,0.017999367
2019/9/16,002415.SZ,-0.002608773
2019/9/23,002415.SZ,-0.035454791
2019/9/30,002415.SZ,-0.026815356
2019/10/7,002415.SZ,-0.050154766
2019/10/14,002415.SZ,-0.007822593
2019/10/21,002415.SZ,0.059789629
2019/10/28,002415.SZ,0.019838905
2019/11/4,002415.SZ,0.045592711
2019/11/11,002415.SZ,-0.046511629
2019/11/18,002415.SZ,-0.024695135
2019/11/25,002415.SZ,-0.018130683
2019/12/2,002415.SZ,-0.004138811
2019/12/9,002415.SZ,0.019820906
2019/12/16,002415.SZ,0.00971797
2019/12/23,002415.SZ,-0.006519686
2019/12/30,002415.SZ,0.067812336
2020/1/6,002415.SZ,0.005560508
2020/1/13,002415.SZ,0.038125723
2020/1/20,002415.SZ,0.009251526
2020/1/27,002415.SZ,0
2020/2/3,002415.SZ,-0.022222253
2020/2/10,002415.SZ,0.015340999
2020/2/17,002415.SZ,0.1024062
2020/2/24,002415.SZ,-0.111675253
2020/3/2,002415.SZ,0.006285975
2020/3/9,002415.SZ,-0.090573731
2020/3/16,002415.SZ,-0.088666755
2020/3/23,002415.SZ,-0.025693879
2020/3/30,002415.SZ,0.079817282
2020/4/6,002415.SZ,-0.042331503
2020/4/13,002415.SZ,0.027881666
2020/4/20,002415.SZ,-0.016870686
2020/4/27,002415.SZ,0.079071341
2020/5/4,002415.SZ,-0.007171809
2020/5/11,002415.SZ,-0.030150796
2020/5/18,002415.SZ,-0.030440295
2020/5/25,002415.SZ,-0.083166314
2020/6/1,002415.SZ,0.07456369
2020/6/8,002415.SZ,0.001737971
2020/6/15,002415.SZ,0.04892438
2020/6/22,002415.SZ,0.001323144
2020/6/29,002415.SZ,0.102742015
2020/7/6,002415.SZ,0.106351053
2020/7/13,002415.SZ,-0.049282263
2020/7/20,002415.SZ,-0.042722945
2020/7/27,002415.SZ,0.100267778
2020/8/3,002415.SZ,0.046781932
2020/8/10,002415.SZ,0.029191421
2020/8/17,002415.SZ,-0.054969751
2020/8/24,002415.SZ,0.008233532
2020/8/31,002415.SZ,-0.003951366
2020/9/7,002415.SZ,-0.042581327
2020/9/14,002415.SZ,0.009115968
2020/9/21,002415.SZ,-0.012592472
2020/9/28,002415.SZ,0.054893294
2020/10/5,002415.SZ,0.002628195
2020/10/12,002415.SZ,0.009174298
2020/10/19,002415.SZ,0.019220824
2020/10/26,002415.SZ,0.146788947
2020/11/2,002415.SZ,0.091333329
2020/11/9,002415.SZ,-0.036856069
2020/11/16,002415.SZ,0.006976792
2020/11/23,002415.SZ,-0.01322692
2020/11/30,002415.SZ,-0.024042637
2020/12/7,002415.SZ,-0.030520992
2020/12/14,002415.SZ,0.031706736
2020/12/21,002415.SZ,0.029860505
2020/12/28,002415.SZ,0.02666668
2021/1/4,002415.SZ,0.182024339
2021/1/11,002415.SZ,0.027206151
2021/1/18,002415.SZ,0.133106926
2021/1/25,002415.SZ,-0.056038343
2021/2/1,002415.SZ,-0.053333358
2021/2/8,002415.SZ,0.106639752
2021/2/15,002415.SZ,-0.065454456
2021/2/22,002415.SZ,-0.099221837
2021/3/1,002415.SZ,0.047516224
2021/3/8,002415.SZ,-0.041237063
2021/3/15,002415.SZ,-0.041218607
2021/3/22,002415.SZ,-0.001869212
2021/3/29,002415.SZ,0.058052358
2021/4/5,002415.SZ,-0.01752217
2021/4/12,002415.SZ,0.027382495
2021/4/19,002415.SZ,0.108714722
2021/4/26,002415.SZ,-0.00711678
2021/5/3,002415.SZ,-0.055113162
2021/5/10,002415.SZ,0.023095078
2021/5/17,002415.SZ,0.054539502
2021/5/24,002415.SZ,0
2021/5/31,002415.SZ,-0.032979901
2021/6/7,002415.SZ,0.014397937
2021/6/14,002415.SZ,-0.033064523
2021/6/21,002415.SZ,0.059382792
2021/6/28,002415.SZ,-0.02031169
2021/7/5,002415.SZ,-0.029894009
2021/7/12,002415.SZ,0.043737672
2021/7/19,002415.SZ,0.069841288
2021/7/26,002415.SZ,-0.094955468
2021/8/2,002415.SZ,-0.030655818
2021/8/9,002415.SZ,-0.041941443
2021/8/16,002415.SZ,-0.054368975
2021/8/23,002415.SZ,-0.016240397
2021/8/30,002415.SZ,-0.024667917
2021/9/6,002415.SZ,0.045136137
2021/9/13,002415.SZ,0.025502635
2021/9/20,002415.SZ,-0.047377061
2021/9/27,002415.SZ,0.048018305
2021/10/4,002415.SZ,0.026909068
2021/10/11,002415.SZ,-0.010269075
2021/10/18,002415.SZ,-0.008228988
2021/10/25,002415.SZ,-0.05735938
2021/11/1,002415.SZ,-0.014925303
2021/11/8,002415.SZ,0.022144508
2021/11/15,002415.SZ,-0.040478874
2021/11/22,002415.SZ,-0.053277963
2021/11/29,002415.SZ,0.012552407
2021/12/6,002415.SZ,0.105371889
2021/12/13,002415.SZ,-0.025233683
2021/12/20,002415.SZ,-0.030680724
2021/12/27,002415.SZ,0.035014826
2022/1/3,002415.SZ,-0.046827185
2022/1/10,002415.SZ,-0.031481862
2022/1/17,002415.SZ,0.024637725
2022/1/24,002415.SZ,-0.041018487
2022/1/31,002415.SZ,0
2022/2/7,002415.SZ,-0.030762733
2022/2/14,002415.SZ,0.010869642
2022/2/21,002415.SZ,0.037634406
2022/2/28,002415.SZ,-0.051398996
2022/3/7,002415.SZ,-0.010705695
2022/3/14,002415.SZ,-0.042181977
2022/3/21,002415.SZ,-0.053262667
2022/3/28,002415.SZ,0.003653196
2022/4/4,002415.SZ,-0.043921341
2022/4/11,002415.SZ,0.013451742
2022/4/18,002415.SZ,0.022038616
2022/4/25,002415.SZ,0.041166423
2022/5/2,002415.SZ,-0.180983906
2022/5/9,002415.SZ,-0.078160797
2022/5/16,002415.SZ,0.041147156
2022/5/23,002415.SZ,-0.026047968
2022/5/30,002415.SZ,0.043107057
2022/6/6,002415.SZ,0.052136905
2022/6/13,002415.SZ,-0.004609456
2022/6/20,002415.SZ,0.03299563
2022/6/27,002415.SZ,0.003082117
2022/7/4,002415.SZ,-0.04692751
2022/7/11,002415.SZ,-0.071219128
2022/7/18,002415.SZ,-0.008204451
2022/7/25,002415.SZ,0.016226541
2022/8/1,002415.SZ,0.0175328
2022/8/8,002415.SZ,0.027999991
2022/8/15,002415.SZ,-0.073032038
2022/8/22,002415.SZ,-0.033580828
2022/8/29,002415.SZ,-0.014366893
2022/9/5,002415.SZ,-0.017627055
2022/9/12,002415.SZ,0.02829533
2022/9/19,002415.SZ,-0.025167768
2022/9/26,002415.SZ,0.047160015
2022/10/3,002415.SZ,0
2022/10/10,002415.SZ,-0.004602183
2022/10/17,002415.SZ,-0.003302538
2022/10/24,002415.SZ,-0.058979451
2022/10/31,002415.SZ,0.057042241
2022/11/7,002415.SZ,-0.006995324
2022/11/14,002415.SZ,0.088225367
2022/11/21,002415.SZ,-0.047472214
2022/11/28,002415.SZ,0.033980586
2022/12/5,002415.SZ,0.081064183
2022/12/12,002415.SZ,-0.005790438
2022/12/19,002415.SZ,0.008445041
2022/12/26,002415.SZ,0.001443761
2018/1/8,000001.SZ,0.018797003
2018/1/15,000001.SZ,0.09225089
2018/1/22,000001.SZ,-0.050675705
2018/1/29,000001.SZ,0
2018/2/5,000001.SZ,-0.167971527
2018/2/12,000001.SZ,0.026518628
2018/2/19,000001.SZ,0.050833228
2018/2/26,000001.SZ,-0.052339535
2018/3/5,000001.SZ,0.011715613
2018/3/12,000001.SZ,-0.037220917
2018/3/19,000001.SZ,-0.025773152
2018/3/26,000001.SZ,-0.038800797
2018/4/2,000001.SZ,-0.002752155
2018/4/9,000001.SZ,0.064397309
2018/4/16,000001.SZ,-0.019014642
2018/4/23,000001.SZ,-0.044052886
2018/4/30,000001.SZ,-0.015668207
2018/5/7,000001.SZ,0.030898897
2018/5/14,000001.SZ,-0.004541267
2018/5/21,000001.SZ,-0.033759095
2018/5/28,000001.SZ,-0.037771627
2018/6/4,000001.SZ,-0.006869391
2018/6/11,000001.SZ,0.004940758
2018/6/18,000001.SZ,-0.031465236
2018/6/25,000001.SZ,-0.077157393
2018/7/2,000001.SZ,-0.047304616
2018/7/9,000001.SZ,0.025404217
2018/7/16,000001.SZ,0.042022948
2018/7/23,000001.SZ,0.015367854
2018/7/30,000001.SZ,-0.036756867
2018/8/6,000001.SZ,0.03591466
2018/8/13,000001.SZ,-0.045503628
2018/8/20,000001.SZ,0.138478828
2018/8/27,000001.SZ,0.009970196
2018/9/3,000001.SZ,-0.011845973
2018/9/10,000001.SZ,-0.016982985
2018/9/17,000001.SZ,0.084349563
2018/9/24,000001.SZ,0.035613974
2018/10/1,000001.SZ,0
2018/10/8,000001.SZ,-0.067873255
2018/10/15,000001.SZ,0.044659988
2018/10/22,000001.SZ,0.039033621
2018/10/29,000001.SZ,-0.008050242
2018/11/5,000001.SZ,-0.048692449
2018/11/12,000001.SZ,0.001895712
2018/11/19,000001.SZ,-0.023651935
2018/11/26,000001.SZ,0.003876031
2018/12/3,000001.SZ,-0.007721918
2018/12/10,000001.SZ,-0.010700317
2018/12/17,000001.SZ,-0.070796713
2018/12/24,000001.SZ,-0.007407263
2018/12/31,000001.SZ,0.039445581
2019/1/7,000001.SZ,0.046153934
2019/1/14,000001.SZ,0.022549027
2019/1/21,000001.SZ,0.054649991
2019/1/28,000001.SZ,0.018181807
2019/2/4,000001.SZ,0
2019/2/11,000001.SZ,-0.022321415
2019/2/18,000001.SZ,0.053881205
2019/2/25,000001.SZ,0.10571945
2019/3/4,000001.SZ,-0.036050339
2019/3/11,000001.SZ,0.016260244
2019/3/18,000001.SZ,0.00719996
2019/3/25,000001.SZ,0.018268474
2019/4/1,000001.SZ,0.081123163
2019/4/8,000001.SZ,-0.031745823
2019/4/15,000001.SZ,0.097615379
2019/4/22,000001.SZ,-0.063815349
2019/4/29,000001.SZ,0.004351089
2019/5/6,000001.SZ,-0.084476618
2019/5/13,000001.SZ,-0.018927485
2019/5/20,000001.SZ,-0.007234687
2019/5/27,000001.SZ,-0.013765156
2019/6/3,000001.SZ,-0.021346492
2019/6/10,000001.SZ,0.047818743
2019/6/17,000001.SZ,0.092073605
2019/6/24,000001.SZ,0.010263892
2019/7/1,000001.SZ,0.021185249
2019/7/8,000001.SZ,0.014367726
2019/7/15,000001.SZ,-0.009206715
2019/7/22,000001.SZ,0.017155097
2019/7/29,000001.SZ,-0.034434344
2019/8/5,000001.SZ,0.056768598
2019/8/12,000001.SZ,0.026170855
2019/8/19,000001.SZ,-0.016778584
2019/8/26,000001.SZ,-0.033447149
2019/9/2,000001.SZ,0.045904078
2019/9/9,000001.SZ,-0.008777846
2019/9/16,000001.SZ,0.044959091
2019/9/23,000001.SZ,0.036505838
2019/9/30,000001.SZ,-0.019496841
2019/10/7,000001.SZ,0.078255302
2019/10/14,000001.SZ,-0.017846571
2019/10/21,000001.SZ,0.022410577
2019/10/28,000001.SZ,-0.001184703
2019/11/4,000001.SZ,-0.012455441
2019/11/11,000001.SZ,-0.018618734
2019/11/18,000001.SZ,-0.045899599
2019/11/25,000001.SZ,-0.01924309
2019/12/2,000001.SZ,0.020274673
2019/12/9,000001.SZ,0.033333308
2019/12/16,000001.SZ,0.029156374
2019/12/23,000001.SZ,0.002410957
2019/12/30,000001.SZ,0.033072936
2020/1/6,000001.SZ,-0.028521577
2020/1/13,000001.SZ,-0.017974887
2020/1/20,000001.SZ,-0.051860853
2020/1/27,000001.SZ,0.00064343
2020/2/3,000001.SZ,-0.059807102
2020/2/10,000001.SZ,0.028043907
2020/2/17,000001.SZ,0.03659345
2020/2/24,000001.SZ,-0.069319728
2020/3/2,000001.SZ,0.036551851
2020/3/9,000001.SZ,-0.033266846
2020/3/16,000001.SZ,-0.135581529
2020/3/23,000001.SZ,0.046974398
2020/3/30,000001.SZ,-0.041064528
2020/4/6,000001.SZ,0.015067395
2020/4/13,000001.SZ,0.006249995
2020/4/20,000001.SZ,0.02639758
2020/4/27,000001.SZ,0.055219319
2020/5/4,000001.SZ,0
2020/5/11,000001.SZ,-0.05161302
2020/5/18,000001.SZ,-0.021919782
2020/5/25,000001.SZ,0.002318391
2020/6/1,000001.SZ,0.045489641
2020/6/8,000001.SZ,-0.045722758
2020/6/15,000001.SZ,-0.010819157
2020/6/22,000001.SZ,0
2020/6/29,000001.SZ,0.11171875
2020/7/6,000001.SZ,0.044975369
2020/7/13,000001.SZ,-0.04976459
2020/7/20,000001.SZ,-0.044585953
2020/7/27,000001.SZ,-0.010370524
2020/8/3,000001.SZ,0.02619767
2020/8/10,000001.SZ,0.05543411
2020/8/17,000001.SZ,-0.00069116
2020/8/24,000001.SZ,0.046334681
2020/8/31,000001.SZ,-0.011235874
2020/9/7,000001.SZ,0.004010765
2020/9/14,000001.SZ,0.070572435
2020/9/21,000001.SZ,-0.055970107
2020/9/28,000001.SZ,-0.003293877
2020/10/5,000001.SZ,0.002643825
2020/10/12,000001.SZ,0.127224757
2020/10/19,000001.SZ,0.0643275
2020/10/26,000001.SZ,-0.026923056
2020/11/2,000001.SZ,-0.003952752
2020/11/9,000001.SZ,-0.026076895
2020/11/16,000001.SZ,0.097788108
2020/11/23,000001.SZ,0.04453867
2020/11/30,000001.SZ,-0.020304775
2020/12/7,000001.SZ,-0.040414257
2020/12/14,000001.SZ,-0.008639302
2020/12/21,000001.SZ,-0.017429239
2020/12/28,000001.SZ,0.072062088
2021/1/4,000001.SZ,0.02637031
2021/1/11,000001.SZ,0.057934347
2021/1/18,000001.SZ,0.049047688
2021/1/25,000001.SZ,0.048116167
2021/2/1,000001.SZ,0.079688211
2021/2/8,000001.SZ,-0.044524634
2021/2/15,000001.SZ,0.001259353
2021/2/22,000001.SZ,-0.103563957
2021/3/1,000001.SZ,0.044901848
2021/3/8,000001.SZ,-0.038496039
2021/3/15,000001.SZ,-0.047020553
2021/3/22,000001.SZ,0.032730912
2021/3/29,000001.SZ,0.01702942
2021/4/5,000001.SZ,-0.009302522
2021/4/12,000001.SZ,-0.048826055
2021/4/19,000001.SZ,0.149555862
2021/4/26,000001.SZ,0
2021/5/3,000001.SZ,0.032631906
2021/5/10,000001.SZ,-0.030353497
2021/5/17,000001.SZ,0.015210975
2021/5/24,000001.SZ,0.042996955
2021/5/31,000001.SZ,0.001632711
2021/6/7,000001.SZ,-0.047677162
2021/6/14,000001.SZ,-0.030808877
2021/6/21,000001.SZ,0.031346624
2021/6/28,000001.SZ,-0.066352741
2021/7/5,000001.SZ,-0.024759156
2021/7/12,000001.SZ,0.003290828
2021/7/19,000001.SZ,-0.058106744
2021/7/26,000001.SZ,-0.119900535
2021/8/2,000001.SZ,0.009609856
2021/8/9,000001.SZ,0.113661796
2021/8/16,000001.SZ,-0.023629922
2021/8/23,000001.SZ,-0.053038178
2021/8/30,000001.SZ,-0.019031866
2021/9/6,000001.SZ,0.140243811
2021/9/13,000001.SZ,-0.099173546
2021/9/20,000001.SZ,-0.063680523
2021/9/27,000001.SZ,0.033429377
2021/10/4,000001.SZ,0.039598313
2021/10/11,000001.SZ,0.054721091
2021/10/18,000001.SZ,0.019328713
2021/10/25,000001.SZ,-0.026946076
2021/11/1,000001.SZ,-0.095384777
2021/11/8,000001.SZ,0.035714372
2021/11/15,000001.SZ,-0.006568077
2021/11/22,000001.SZ,-0.031405041
2021/11/29,000001.SZ,0.003981876
2021/12/6,000001.SZ,0.04135956
2021/12/13,000001.SZ,-0.044069479
2021/12/20,000001.SZ,-0.014797975
2021/12/27,000001.SZ,-0.047949213
2022/1/3,000001.SZ,0.043689405
2022/1/10,000001.SZ,-0.0505814
2022/1/17,000001.SZ,0.062461721
2022/1/24,000001.SZ,-0.087608073
2022/1/31,000001.SZ,0
2022/2/7,000001.SZ,0.080227416
2022/2/14,000001.SZ,-0.019298223
2022/2/21,000001.SZ,-0.051878359
2022/2/28,000001.SZ,-0.035849083
2022/3/7,000001.SZ,-0.028049639
2022/3/14,000001.SZ,-0.01342278
2022/3/21,000001.SZ,0.019047549
2022/3/28,000001.SZ,0.051401937
2022/4/4,000001.SZ,0.041269842
2022/4/11,000001.SZ,0.001219555
2022/4/18,000001.SZ,-0.02192459
2022/4/25,000001.SZ,-0.04607714
2022/5/2,000001.SZ,-0.023498668
2022/5/9,000001.SZ,-0.023395744
2022/5/16,000001.SZ,0.028063063
2022/5/23,000001.SZ,-0.055925438
2022/5/30,000001.SZ,-0.016220137
2022/6/6,000001.SZ,0.026523295
2022/6/13,000001.SZ,0.009078228
2022/6/20,000001.SZ,-0.015224922
2022/6/27,000001.SZ,0.048489131
2022/7/4,000001.SZ,-0.025469189
2022/7/11,000001.SZ,-0.08940853
2022/7/18,000001.SZ,-0.032477251
2022/7/25,000001.SZ,0.00750821
2022/8/1,000001.SZ,-0.029179935
2022/8/8,000001.SZ,0.005686461
2022/8/15,000001.SZ,0.015347247
2022/8/22,000001.SZ,0.003182256
2022/8/29,000001.SZ,-0.007930192
2022/9/5,000001.SZ,0.016786565
2022/9/12,000001.SZ,-0.01257858
2022/9/19,000001.SZ,-0.021496796
2022/9/26,000001.SZ,-0.036615158
2022/10/3,000001.SZ,0
2022/10/10,000001.SZ,-0.026182492
2022/10/17,000001.SZ,-0.038161303
2022/10/24,000001.SZ,-0.060414761
2022/10/31,000001.SZ,0.038387606
2022/11/7,000001.SZ,0.056377269
2022/11/14,000001.SZ,0.013998115
2022/11/21,000001.SZ,0.050043277
2022/11/28,000001.SZ,0.059983433
2022/12/5,000001.SZ,0.062015495
2022/12/12,000001.SZ,-0.026277298
2022/12/19,000001.SZ,-0.026986589
2022/12/26,000001.SZ,0.013867532
2018/1/8,000063.SZ,-0.006104412
2018/1/15,000063.SZ,0.018704576
2018/1/22,000063.SZ,-0.040833095
2018/1/29,000063.SZ,-0.176571415
2018/2/5,000063.SZ,-0.012838329
2018/2/12,000063.SZ,0.072056316
2018/2/19,000063.SZ,0.026885166
2018/2/26,000063.SZ,0.00638579
2018/3/5,000063.SZ,0.066624275
2018/3/12,000063.SZ,-0.047888228
2018/3/19,000063.SZ,-0.093720699
2018/3/26,000063.SZ,0.039296904
2018/4/2,000063.SZ,-0.00530689
2018/4/9,000063.SZ,0.040346865
2018/4/16,000063.SZ,0.003525624
2018/4/23,000063.SZ,0
2018/4/30,000063.SZ,0
2018/5/7,000063.SZ,0
2018/5/14,000063.SZ,0
2018/5/21,000063.SZ,0
2018/5/28,000063.SZ,0
2018/6/4,000063.SZ,0
2018/6/11,000063.SZ,-0.271159396
2018/6/18,000063.SZ,-0.343558284
2018/6/25,000063.SZ,-0.130173546
2018/7/2,000063.SZ,0.000767463
2018/7/9,000063.SZ,0.081288399
2018/7/16,000063.SZ,0.171631036
2018/7/23,000063.SZ,-0.065980565
2018/7/30,000063.SZ,-0.134802287
2018/8/6,000063.SZ,0.086142328
2018/8/13,000063.SZ,0.096551597
2018/8/20,000063.SZ,0.077987524
2018/8/27,000063.SZ,0.113768941
2018/9/3,000063.SZ,-0.052383365
2018/9/10,000063.SZ,0.014925271
2018/9/17,000063.SZ,0.012527235
2018/9/24,000063.SZ,-0.015599801
2018/10/1,000063.SZ,0
2018/10/8,000063.SZ,-0.147540934
2018/10/15,000063.SZ,0.062179441
2018/10/22,000063.SZ,0.041038023
2018/10/29,000063.SZ,0.063188398
2018/11/5,000063.SZ,0.083424311
2018/11/12,000063.SZ,0.096628103
2018/11/19,000063.SZ,-0.092703112
2018/11/26,000063.SZ,0.005058192
2018/12/3,000063.SZ,0.00603918
2018/12/10,000063.SZ,-0.017008581
2018/12/17,000063.SZ,-0.020865081
2018/12/24,000063.SZ,0.018191193
2018/12/31,000063.SZ,-0.019908053
2019/1/7,000063.SZ,0.068229107
2019/1/14,000063.SZ,-0.025841024
2019/1/21,000063.SZ,0.017016993
2019/1/28,000063.SZ,0.004429204
2019/2/4,000063.SZ,0
2019/2/11,000063.SZ,0.126898606
2019/2/18,000063.SZ,0.210434759
2019/2/25,000063.SZ,0.06788791
2019/3/4,000063.SZ,-0.017490829
2019/3/11,000063.SZ,-0.028414815
2019/3/18,000063.SZ,-0.005637798
2019/3/25,000063.SZ,0.034727157
2019/4/1,000063.SZ,0.02671238
2019/4/8,000063.SZ,0.009339534
2019/4/15,000063.SZ,0.205882306
2019/4/22,000063.SZ,-0.063579239
2019/4/29,000063.SZ,-0.059115988
2019/5/6,000063.SZ,-0.039502353
2019/5/13,000063.SZ,-0.077072494
2019/5/20,000063.SZ,-0.008772005
2019/5/27,000063.SZ,0.018053144
2019/6/3,000063.SZ,0.035465873
2019/6/10,000063.SZ,0.0167898
2019/6/17,000063.SZ,0.054491427
2019/6/24,000063.SZ,0.018791127
2019/7/1,000063.SZ,0.023055527
2019/7/8,000063.SZ,-0.032451769
2019/7/15,000063.SZ,-0.030434856
2019/7/22,000063.SZ,0.069827092
2019/7/29,000063.SZ,-0.059880387
2019/8/5,000063.SZ,-0.111464905
2019/8/12,000063.SZ,0.010035961
2019/8/19,000063.SZ,0.037615282
2019/8/26,000063.SZ,-0.014705914
2019/9/2,000063.SZ,0.16244363
2019/9/9,000063.SZ,0.067184265
2019/9/16,000063.SZ,-0.037493003
2019/9/23,000063.SZ,-0.034883818
2019/9/30,000063.SZ,-0.034638499
2019/10/7,000063.SZ,0.026521023
2019/10/14,000063.SZ,-0.011246159
2019/10/21,000063.SZ,0.025207428
2019/10/28,000063.SZ,0.019490435
2019/11/4,000063.SZ,-0.033823708
2019/11/11,000063.SZ,-0.045966386
2019/11/18,000063.SZ,-0.020421278
2019/11/25,000063.SZ,0.000325701
2019/12/2,000063.SZ,0.039075333
2019/12/9,000063.SZ,0.040426094
2019/12/16,000063.SZ,0.005120536
2019/12/23,000063.SZ,0.008091106
2019/12/30,000063.SZ,0.086504101
2020/1/6,000063.SZ,0.022161441
2020/1/13,000063.SZ,0.039614525
2020/1/20,000063.SZ,0.008496356
2020/1/27,000063.SZ,0
2020/2/3,000063.SZ,-0.006127063
2020/2/10,000063.SZ,0.013871166
2020/2/17,000063.SZ,0.154040906
2020/2/24,000063.SZ,0.097694953
2020/3/2,000063.SZ,0.017199955
2020/3/9,000063.SZ,-0.000983035
2020/3/16,000063.SZ,-0.180476469
2020/3/23,000063.SZ,0.042027069
2020/3/30,000063.SZ,-0.055773144
2020/4/6,000063.SZ,-0.041005598
2020/4/13,000063.SZ,0.018070707
2020/4/20,000063.SZ,-0.028750103
2020/4/27,000063.SZ,0.057657712
2020/5/4,000063.SZ,0.034314901
2020/5/11,000063.SZ,-0.031294093
2020/5/18,000063.SZ,-0.067767679
2020/5/25,000063.SZ,-0.063314372
2020/6/1,000063.SZ,0.06175232
2020/6/8,000063.SZ,0.003405965
2020/6/15,000063.SZ,0.118798934
2020/6/22,000063.SZ,-0.072812086
2020/6/29,000063.SZ,0.067455114
2020/7/6,000063.SZ,0.060127489
2020/7/13,000063.SZ,-0.102980328
2020/7/20,000063.SZ,-0.059757192
2020/7/27,000063.SZ,0.032964099
2020/8/3,000063.SZ,-0.006637608
2020/8/10,000063.SZ,-0.014392252
2020/8/17,000063.SZ,0.019178657
2020/8/24,000063.SZ,-0.00128602
2020/8/31,000063.SZ,-0.034767051
2020/9/7,000063.SZ,-0.10085379
2020/9/14,000063.SZ,0.000593525
2020/9/21,000063.SZ,-0.017793583
2020/9/28,000063.SZ,-0.000905757
2020/10/5,000063.SZ,0.008763852
2020/10/12,000063.SZ,0.032654269
2020/10/19,000063.SZ,-0.030171018
2020/10/26,000063.SZ,-0.034400321
2020/11/2,000063.SZ,0.109045746
2020/11/9,000063.SZ,0.00055871
2020/11/16,000063.SZ,0.011167165
2020/11/23,000063.SZ,-0.033959299
2020/11/30,000063.SZ,-0.005144445
2020/12/7,000063.SZ,-0.075840169
2020/12/14,000063.SZ,0.01989435
2020/12/21,000063.SZ,-0.053947034
2020/12/28,000063.SZ,0.084085033
2021/1/4,000063.SZ,0.007429551
2021/1/11,000063.SZ,0.035398206
2021/1/18,000063.SZ,-0.034757863
2021/1/25,000063.SZ,-0.049881908
2021/2/1,000063.SZ,-0.04038528
2021/2/8,000063.SZ,0.042732277
2021/2/15,000063.SZ,0.022974237
2021/2/22,000063.SZ,-0.036115277
2021/3/1,000063.SZ,-0.001574449
2021/3/8,000063.SZ,-0.024282399
2021/3/15,000063.SZ,-0.045572139
2021/3/22,000063.SZ,-0.001693209
2021/3/29,000063.SZ,0.004070581
2021/4/5,000063.SZ,-0.043581126
2021/4/12,000063.SZ,0.001766248
2021/4/19,000063.SZ,0.029266578
2021/4/26,000063.SZ,-0.008222044
2021/5/3,000063.SZ,-0.027979219
2021/5/10,000063.SZ,0.033404334
2021/5/17,000063.SZ,-0.012723559
2021/5/24,000063.SZ,0.092650712
2021/5/31,000063.SZ,0.051960526
2021/6/7,000063.SZ,-0.01666664
2021/6/14,000063.SZ,0.052388222
2021/6/21,000063.SZ,-0.05329425
2021/6/28,000063.SZ,-0.017939988
2021/7/5,000063.SZ,-0.015118075
2021/7/12,000063.SZ,0.147105682
2021/7/19,000063.SZ,0.013939245
2021/7/26,000063.SZ,0.066813343
2021/8/2,000063.SZ,0.02190732
2021/8/9,000063.SZ,-0.10466589
2021/8/16,000063.SZ,-0.003380245
2021/8/23,000063.SZ,-0.021742758
2021/8/30,000063.SZ,-0.034282255
2021/9/6,000063.SZ,0.058664116
2021/9/13,000063.SZ,-0.033816344
2021/9/20,000063.SZ,0.013823484
2021/9/27,000063.SZ,-0.038874383
2021/10/4,000063.SZ,0.022034366
2021/10/11,000063.SZ,0.009155336
2021/10/18,000063.SZ,-0.026631584
2021/10/25,000063.SZ,-0.019242251
2021/11/1,000063.SZ,-0.040465976
2021/11/8,000063.SZ,0.016613422
2021/11/15,000063.SZ,0.005342575
2021/11/22,000063.SZ,-0.024070092
2021/11/29,000063.SZ,-0.008968543
2021/12/6,000063.SZ,0.037815166
2021/12/13,000063.SZ,0.017128553
2021/12/20,000063.SZ,-0.018677264
2021/12/27,000063.SZ,0.045241908
2022/1/3,000063.SZ,0
2022/1/10,000063.SZ,-0.014925439
2022/1/17,000063.SZ,-0.001515201
2022/1/24,000063.SZ,-0.085280699
2022/1/31,000063.SZ,0
2022/2/7,000063.SZ,-0.002654327
2022/2/14,000063.SZ,-0.022288789
2022/2/21,000063.SZ,-0.006464668
2022/2/28,000063.SZ,-0.015411049
2022/3/7,000063.SZ,-0.129043422
2022/3/14,000063.SZ,-0.041533554
2022/3/21,000063.SZ,0.056666658
2022/3/28,000063.SZ,-0.056387984
2022/4/4,000063.SZ,-0.039699158
2022/4/11,000063.SZ,-0.012619662
2022/4/18,000063.SZ,0.005729353
2022/4/25,000063.SZ,0.057405795
2022/5/2,000063.SZ,-0.03729794
2022/5/9,000063.SZ,0.00129151
2022/5/16,000063.SZ,0.035772618
2022/5/23,000063.SZ,0.013456729
2022/5/30,000063.SZ,0.004979187
2022/6/6,000063.SZ,0.01032204
2022/6/13,000063.SZ,0.050265752
2022/6/20,000063.SZ,-0.031128501
2022/6/27,000063.SZ,0.014457877
2022/7/4,000063.SZ,-0.02335712
2022/7/11,000063.SZ,-0.048236757
2022/7/18,000063.SZ,0.064735984
2022/7/25,000063.SZ,-0.023199994
2022/8/1,000063.SZ,0.039312001
2022/8/8,000063.SZ,-0.012608393
2022/8/15,000063.SZ,-0.015163498
2022/8/22,000063.SZ,-0.006077855
2022/8/29,000063.SZ,-0.010599219
2022/9/5,000063.SZ,0.020189557
2022/9/12,000063.SZ,-0.00807765
2022/9/19,000063.SZ,-0.090797976
2022/9/26,000063.SZ,-0.041648005
2022/10/3,000063.SZ,0
2022/10/10,000063.SZ,0.017289728
2022/10/17,000063.SZ,0.011483684
2022/10/24,000063.SZ,-0.029972756
2022/10/31,000063.SZ,0.086142316
2022/11/7,000063.SZ,0.027155215
2022/11/14,000063.SZ,0.054133406
2022/11/21,000063.SZ,-0.028662432
2022/11/28,000063.SZ,0.026639307
2022/12/5,000063.SZ,0.058283462
2022/12/12,000063.SZ,-0.006412657
2022/12/19,000063.SZ,-0.045178466
2022/12/26,000063.SZ,0.028230667
2018/1/8,000786.SZ,-0.070043676
2018/1/15,000786.SZ,-0.001276724
2018/1/22,000786.SZ,0.088623862
2018/1/29,000786.SZ,0.039921737
2018/2/5,000786.SZ,-0.198343918
2018/2/12,000786.SZ,0.063380319
2018/2/19,000786.SZ,0.058719463
2018/2/26,000786.SZ,-0.002919
2018/3/5,000786.SZ,-0.00250939
2018/3/12,000786.SZ,0.06289311
2018/3/19,000786.SZ,-0.053649043
2018/3/26,000786.SZ,0.049604127
2018/4/2,000786.SZ,-0.04805406
2018/4/9,000786.SZ,0.038381297
2018/4/16,000786.SZ,-0.077942863
2018/4/23,000786.SZ,0.000871389
2018/4/30,000786.SZ,0.013060501
2018/5/7,000786.SZ,0.021916591
2018/5/14,000786.SZ,-0.028174905
2018/5/21,000786.SZ,-0.055387232
2018/5/28,000786.SZ,-0.005039078
2018/6/4,000786.SZ,-0.004603881
2018/6/11,000786.SZ,0.017397042
2018/6/18,000786.SZ,0.02586603
2018/6/25,000786.SZ,-0.165691097
2018/7/2,000786.SZ,-0.056125214
2018/7/9,000786.SZ,0.148084668
2018/7/16,000786.SZ,-0.00398406
2018/7/23,000786.SZ,0.036500036
2018/7/30,000786.SZ,-0.107573611
2018/8/6,000786.SZ,0.039999995
2018/8/13,000786.SZ,-0.100831489
2018/8/20,000786.SZ,0.05028883
2018/8/27,000786.SZ,-0.009355912
2018/9/3,000786.SZ,-0.047777822
2018/9/10,000786.SZ,-0.093932378
2018/9/17,000786.SZ,0.068255036
2018/9/24,000786.SZ,0
2018/10/1,000786.SZ,0
2018/10/8,000786.SZ,-0.126582263
2018/10/15,000786.SZ,-0.029675593
2018/10/22,000786.SZ,-0.006401227
2018/10/29,000786.SZ,0.068002786
2018/11/5,000786.SZ,-0.050938226
2018/11/12,000786.SZ,0.067796624
2018/11/19,000786.SZ,0.003968286
2018/11/26,000786.SZ,0.012516439
2018/12/3,000786.SZ,0.047495094
2018/12/10,000786.SZ,-0.018012489
2018/12/17,000786.SZ,-0.076533793
2018/12/24,000786.SZ,-0.057534196
2018/12/31,000786.SZ,0.011627896
2019/1/7,000786.SZ,0.03807462
2019/1/14,000786.SZ,0.022145384
2019/1/21,000786.SZ,0.073121272
2019/1/28,000786.SZ,0.030914746
2019/2/4,000786.SZ,0
2019/2/11,000786.SZ,0.017747728
2019/2/18,000786.SZ,0.013229191
2019/2/25,000786.SZ,0.129970392
2019/3/4,000786.SZ,-0.031512633
2019/3/11,000786.SZ,0.044468537
2019/3/18,000786.SZ,0.019729966
2019/3/25,000786.SZ,0.025967379
2019/4/1,000786.SZ,0.084367312
2019/4/8,000786.SZ,-0.096567608
2019/4/15,000786.SZ,0.011651718
2019/4/22,000786.SZ,-0.052078281
2019/4/29,000786.SZ,0.020074025
2019/5/6,000786.SZ,0.001553584
2019/5/13,000786.SZ,0.005170654
2019/5/20,000786.SZ,-0.016460781
2019/5/27,000786.SZ,0.005229924
2019/6/3,000786.SZ,-0.069198709
2019/6/10,000786.SZ,0.055338116
2019/6/17,000786.SZ,-0.035487359
2019/6/24,000786.SZ,0.021135286
2019/7/1,000786.SZ,0.043022695
2019/7/8,000786.SZ,-0.01586465
2019/7/15,000786.SZ,-0.045674321
2019/7/22,000786.SZ,-0.036599124
2019/7/29,000786.SZ,0.032144921
2019/8/5,000786.SZ,-0.06908264
2019/8/12,000786.SZ,0.052311359
2019/8/19,000786.SZ,0.092485519
2019/8/26,000786.SZ,-0.037037033
2019/9/2,000786.SZ,0.065934075
2019/9/9,000786.SZ,-0.017525734
2019/9/16,000786.SZ,-0.023609642
2019/9/23,000786.SZ,-0.037614292
2019/9/30,000786.SZ,0.00502531
2019/10/7,000786.SZ,0.012777587
2019/10/14,000786.SZ,0.075151014
2019/10/21,000786.SZ,-0.038265321
2019/10/28,000786.SZ,0.0450929
2019/11/4,000786.SZ,0.05329932
2019/11/11,000786.SZ,0.008192803
2019/11/18,000786.SZ,0.043977104
2019/11/25,000786.SZ,0.021978062
2019/12/2,000786.SZ,0.016129061
2019/12/9,000786.SZ,0.033068795
2019/12/16,000786.SZ,-0.004694948
2019/12/23,000786.SZ,0.081046238
2019/12/30,000786.SZ,0.03570027
2020/1/6,000786.SZ,0.040597411
2020/1/13,000786.SZ,-0.015458177
2020/1/20,000786.SZ,-0.03738327
2020/1/27,000786.SZ,-0.001553347
2020/2/3,000786.SZ,-0.06884473
2020/2/10,000786.SZ,0.083542131
2020/2/17,000786.SZ,-0.05050118
2020/2/24,000786.SZ,0.023142594
2020/3/2,000786.SZ,0.147619056
2020/3/9,000786.SZ,-0.059474395
2020/3/16,000786.SZ,-0.048529648
2020/3/23,000786.SZ,-0.061823708
2020/3/30,000786.SZ,0.01276772
2020/4/6,000786.SZ,0.045953569
2020/4/13,000786.SZ,-0.001943949
2020/4/20,000786.SZ,0.012855538
2020/4/27,000786.SZ,-0.018076889
2020/5/4,000786.SZ,-0.052487253
2020/5/11,000786.SZ,-0.046300233
2020/5/18,000786.SZ,-0.03120924
2020/5/25,000786.SZ,0.033109552
2020/6/1,000786.SZ,-0.046773488
2020/6/8,000786.SZ,-0.01044983
2020/6/15,000786.SZ,-0.004176081
2020/6/22,000786.SZ,-0.000462683
2020/6/29,000786.SZ,0.117129545
2020/7/6,000786.SZ,0.02362214
2020/7/13,000786.SZ,0.206072803
2020/7/20,000786.SZ,0.013763007
2020/7/27,000786.SZ,0.019867482
2020/8/3,000786.SZ,0.069480512
2020/8/10,000786.SZ,-0.064966599
2020/8/17,000786.SZ,0.122727401
2020/8/24,000786.SZ,-0.041931747
2020/8/31,000786.SZ,-0.026562145
2020/9/7,000786.SZ,-0.020155014
2020/9/14,000786.SZ,0.127215155
2020/9/21,000786.SZ,-0.070466009
2020/9/28,000786.SZ,-0.070069439
2020/10/5,000786.SZ,0.00779478
2020/10/12,000786.SZ,0.256203597
2020/10/19,000786.SZ,-0.086967595
2020/10/26,000786.SZ,-0.027816881
2020/11/2,000786.SZ,0.078034598
2020/11/9,000786.SZ,0.067292374
2020/11/16,000786.SZ,0.018588161
2020/11/23,000786.SZ,-0.002465946
2020/11/30,000786.SZ,-0.035846772
2020/12/7,000786.SZ,-0.036153829
2020/12/14,000786.SZ,-0.049215196
2020/12/21,000786.SZ,0.029658505
2020/12/28,000786.SZ,0.088315339
2021/1/4,000786.SZ,0.123096089
2021/1/11,000786.SZ,0.086705186
2021/1/18,000786.SZ,0.030892018
2021/1/25,000786.SZ,0.015082361
2021/2/1,000786.SZ,-0.01603128
2021/2/8,000786.SZ,0.102125923
2021/2/15,000786.SZ,-0.021092486
2021/2/22,000786.SZ,-0.109392279
2021/3/1,000786.SZ,-0.032257956
2021/3/8,000786.SZ,-0.036111134
2021/3/15,000786.SZ,0.025271564
2021/3/22,000786.SZ,-0.057729711
2021/3/29,000786.SZ,0.06356111
2021/4/5,000786.SZ,-0.049622393
2021/4/12,000786.SZ,0.00204322
2021/4/19,000786.SZ,0.026506573
2021/4/26,000786.SZ,0.018759652
2021/5/3,000786.SZ,-0.001083215
2021/5/10,000786.SZ,-0.083062349
2021/5/17,000786.SZ,0.007568696
2021/5/24,000786.SZ,0.022300426
2021/5/31,000786.SZ,0.110447739
2021/6/7,000786.SZ,-0.062034703
2021/6/14,000786.SZ,-0.032461671
2021/6/21,000786.SZ,-0.030666231
2021/6/28,000786.SZ,-0.086346337
2021/7/5,000786.SZ,0.046081765
2021/7/12,000786.SZ,-0.046042795
2021/7/19,000786.SZ,0.029219856
2021/7/26,000786.SZ,-0.177439738
2021/8/2,000786.SZ,0.10631742
2021/8/9,000786.SZ,0.019498571
2021/8/16,000786.SZ,-0.022950957
2021/8/23,000786.SZ,-0.044183253
2021/8/30,000786.SZ,0.04359257
2021/9/6,000786.SZ,0.051303847
2021/9/13,000786.SZ,-0.133333479
2021/9/20,000786.SZ,-0.009846084
2021/9/27,000786.SZ,-0.007147327
2021/10/4,000786.SZ,0.045696295
2021/10/11,000786.SZ,-0.015264685
2021/10/18,000786.SZ,-0.014589841
2021/10/25,000786.SZ,-0.128932728
2021/11/1,000786.SZ,-0.051345569
2021/11/8,000786.SZ,0.036580854
2021/11/15,000786.SZ,0.010442856
2021/11/22,000786.SZ,-0.012116875
2021/11/29,000786.SZ,0.027777772
2021/12/6,000786.SZ,0.067041023
2021/12/13,000786.SZ,0.031578994
2021/12/20,000786.SZ,0.114477126
2021/12/27,000786.SZ,0.025178836
2022/1/3,000786.SZ,0.045492557
2022/1/10,000786.SZ,-0.081687119
2022/1/17,000786.SZ,0.016860355
2022/1/24,000786.SZ,-0.075185862
2022/1/31,000786.SZ,0
2022/2/7,000786.SZ,0.109737423
2022/2/14,000786.SZ,-0.042618491
2022/2/21,000786.SZ,-0.116671434
2022/2/28,000786.SZ,-0.005270088
2022/3/7,000786.SZ,-0.038741807
2022/3/14,000786.SZ,0.000688933
2022/3/21,000786.SZ,-0.01927706
2022/3/28,000786.SZ,0.095472099
2022/4/4,000786.SZ,0.018583799
2022/4/11,000786.SZ,-0.012582596
2022/4/18,000786.SZ,-0.088244646
2022/4/25,000786.SZ,0.014325596
2022/5/2,000786.SZ,0.032035817
2022/5/9,000786.SZ,0.006341841
2022/5/16,000786.SZ,0.00829183
2022/5/23,000786.SZ,-0.055263154
2022/5/30,000786.SZ,0.064066845
2022/6/6,000786.SZ,-0.02486911
2022/6/13,000786.SZ,0.004230434
2022/6/20,000786.SZ,0.106557441
2022/6/27,000786.SZ,0.068827141
2022/7/4,000786.SZ,-0.062373708
2022/7/11,000786.SZ,-0.083769657
2022/7/18,000786.SZ,-0.02722687
2022/7/25,000786.SZ,-0.006219775
2022/8/1,000786.SZ,-0.047287879
2022/8/8,000786.SZ,0.005109481
2022/8/15,000786.SZ,-0.017066122
2022/8/22,000786.SZ,-0.037680129
2022/8/29,000786.SZ,0.025719755
2022/9/5,000786.SZ,0.032934182
2022/9/12,000786.SZ,-0.024275348
2022/9/19,000786.SZ,-0.108800614
2022/9/26,000786.SZ,0.002083318
2022/10/3,000786.SZ,0
2022/10/10,000786.SZ,0.005405433
2022/10/17,000786.SZ,-0.044251477
2022/10/24,000786.SZ,-0.086975198
2022/10/31,000786.SZ,0.074881425
2022/11/7,000786.SZ,0.08686059
2022/11/14,000786.SZ,0.050709983
2022/11/21,000786.SZ,0.017374547
2022/11/28,000786.SZ,-0.0091082
2022/12/5,000786.SZ,0.054385378
2022/12/12,000786.SZ,-0.027243028
2022/12/19,000786.SZ,-0.016056777
2022/12/26,000786.SZ,-0.017836851
2018/1/8,002475.SZ,-0.023480129
2018/1/15,002475.SZ,-0.006011037
2018/1/22,002475.SZ,-0.049676055
2018/1/29,002475.SZ,0.034999993
2018/2/5,002475.SZ,-0.001317556
2018/2/12,002475.SZ,0.061565547
2018/2/19,002475.SZ,0.002485563
2018/2/26,002475.SZ,0.028512306
2018/3/5,002475.SZ,0.015668989
2018/3/12,002475.SZ,0.013449447
2018/3/19,002475.SZ,-0.068696359
2018/3/26,002475.SZ,0.013411451
2018/4/2,002475.SZ,-0.009511964
2018/4/9,002475.SZ,-0.009185674
2018/4/16,002475.SZ,-0.05815441
2018/4/23,002475.SZ,-0.063982068
2018/4/30,002475.SZ,0.036807083
2018/5/7,002475.SZ,0.065006842
2018/5/14,002475.SZ,-0.007359397
2018/5/21,002475.SZ,-0.001308269
2018/5/28,002475.SZ,-0.013100387
2018/6/4,002475.SZ,0.096902683
2018/6/11,002475.SZ,-0.004033898
2018/6/18,002475.SZ,-0.076549368
2018/6/25,002475.SZ,-0.011403511
2018/7/2,002475.SZ,-0.048358347
2018/7/9,002475.SZ,0.137529048
2018/7/16,002475.SZ,-0.011147449
2018/7/23,002475.SZ,0.013255184
2018/7/30,002475.SZ,-0.056503057
2018/8/6,002475.SZ,0.046327798
2018/8/13,002475.SZ,-0.113391058
2018/8/20,002475.SZ,0.070036526
2018/8/27,002475.SZ,0.058622542
2018/9/3,002475.SZ,-0.038709524
2018/9/10,002475.SZ,-0.10794193
2018/9/17,002475.SZ,-0.043260058
2018/9/24,002475.SZ,0.010484716
2018/10/1,002475.SZ,0
2018/10/8,002475.SZ,-0.015564105
2018/10/15,002475.SZ,0.061923617
2018/10/22,002475.SZ,0.022952916
2018/10/29,002475.SZ,0.033959891
2018/11/5,002475.SZ,-0.111436913
2018/11/12,002475.SZ,0.045544522
2018/11/19,002475.SZ,-0.041035323
2018/11/26,002475.SZ,-0.006583282
2018/12/3,002475.SZ,0.003976145
2018/12/10,002475.SZ,-0.066006742
2018/12/17,002475.SZ,-0.067137677
2018/12/24,002475.SZ,0.065151423
2018/12/31,002475.SZ,-0.06045511
2019/1/7,002475.SZ,0.116578346
2019/1/14,002475.SZ,0.023050859
2019/1/21,002475.SZ,0.032471797
2019/1/28,002475.SZ,0.071887178
2019/2/4,002475.SZ,0
2019/2/11,002475.SZ,0.023951809
2019/2/18,002475.SZ,0.197076205
2019/2/25,002475.SZ,0.020517761
2019/3/4,002475.SZ,-0.009095227
2019/3/11,002475.SZ,0.08454115
2019/3/18,002475.SZ,0.091313818
2019/3/25,002475.SZ,0.012245108
2019/4/1,002475.SZ,0.032257947
2019/4/8,002475.SZ,-0.0242187
2019/4/15,002475.SZ,0.060848645
2019/4/22,002475.SZ,-0.016603783
2019/4/29,002475.SZ,0.001151222
2019/5/6,002475.SZ,-0.050210867
2019/5/13,002475.SZ,-0.134786065
2019/5/20,002475.SZ,-0.048507412
2019/5/27,002475.SZ,0.051960729
2019/6/3,002475.SZ,-0.011183603
2019/6/10,002475.SZ,0.018378781
2019/6/17,002475.SZ,0.100416577
2019/6/24,002475.SZ,0.042472655
2019/7/1,002475.SZ,0.037797537
2019/7/8,002475.SZ,-0.012722609
2019/7/15,002475.SZ,0.025641072
2019/7/22,002475.SZ,0.096500205
2019/7/29,002475.SZ,-0.038303842
2019/8/5,002475.SZ,-0.00474146
2019/8/12,002475.SZ,0.119580571
2019/8/19,002475.SZ,0.092340442
2019/8/26,002475.SZ,-0.046357541
2019/9/2,002475.SZ,0.046976981
2019/9/9,002475.SZ,-0.029262661
2019/9/16,002475.SZ,0.113746336
2019/9/23,002475.SZ,0.006856505
2019/9/30,002475.SZ,-0.040860149
2019/10/7,002475.SZ,0.016442401
2019/10/14,002475.SZ,0.066544198
2019/10/21,002475.SZ,0.101689077
2019/10/28,002475.SZ,0.026595644
2019/11/4,002475.SZ,0.050289587
2019/11/11,002475.SZ,0.008705813
2019/11/18,002475.SZ,-0.05120833
2019/11/25,002475.SZ,0.031837529
2019/12/2,002475.SZ,0.096091663
2019/12/9,002475.SZ,-0.01608571
2019/12/16,002475.SZ,-0.019891073
2019/12/23,002475.SZ,-0.016402586
2019/12/30,002475.SZ,0.053420011
2020/1/6,002475.SZ,0.066004872
2020/1/13,002475.SZ,0.054618617
2020/1/20,002475.SZ,0.077565753
2020/1/27,002475.SZ,0
2020/2/3,002475.SZ,-0.052491804
2020/2/10,002475.SZ,0.03693307
2020/2/17,002475.SZ,0.135031556
2020/2/24,002475.SZ,-0.050645446
2020/3/2,002475.SZ,-0.046861869
2020/3/9,002475.SZ,-0.057506694
2020/3/16,002475.SZ,-0.103865753
2020/3/23,002475.SZ,-0.037162145
2020/3/30,002475.SZ,0.112010773
2020/4/6,002475.SZ,-0.037864072
2020/4/13,002475.SZ,0.062058502
2020/4/20,002475.SZ,-0.020665055
2020/4/27,002475.SZ,0.147465392
2020/5/4,002475.SZ,-0.001479644
2020/5/11,002475.SZ,0.020745395
2020/5/18,002475.SZ,-0.076731781
2020/5/25,002475.SZ,0.002919988
2020/6/1,002475.SZ,0.160806438
2020/6/8,002475.SZ,0.051514362
2020/6/15,002475.SZ,0.087205118
2020/6/22,002475.SZ,0.078956771
2020/6/29,002475.SZ,0.031606747
2020/7/6,002475.SZ,0.110298461
2020/7/13,002475.SZ,-0.018693291
2020/7/20,002475.SZ,-0.035740201
2020/7/27,002475.SZ,0.102351867
2020/8/3,002475.SZ,-0.078511689
2020/8/10,002475.SZ,-0.003889617
2020/8/17,002475.SZ,-0.003160964
2020/8/24,002475.SZ,0.040850462
2020/8/31,002475.SZ,-0.013261581
2020/9/7,002475.SZ,0.014347929
2020/9/14,002475.SZ,-0.004834348
2020/9/21,002475.SZ,-0.006657071
2020/9/28,002475.SZ,0.033870712
2020/10/5,002475.SZ,0.075858401
2020/10/12,002475.SZ,-0.049177691
2020/10/19,002475.SZ,-0.022949177
2020/10/26,002475.SZ,-0.038387336
2020/11/2,002475.SZ,0.076376304
2020/11/9,002475.SZ,-0.053852693
2020/11/16,002475.SZ,-0.066046166
2020/11/23,002475.SZ,-0.003449626
2020/11/30,002475.SZ,0.002692338
2020/12/7,002475.SZ,-0.0280015
2020/12/14,002475.SZ,0.015785279
2020/12/21,002475.SZ,0.098679147
2020/12/28,002475.SZ,-0.007779466
2021/1/4,002475.SZ,0.069315804
2021/1/11,002475.SZ,-0.043492786
2021/1/18,002475.SZ,0.001568025
2021/1/25,002475.SZ,-0.07636123
2021/2/1,002475.SZ,-0.067419907
2021/2/8,002475.SZ,0.06583194
2021/2/15,002475.SZ,-0.055702817
2021/2/22,002475.SZ,-0.067014391
2021/3/1,002475.SZ,0.024301032
2021/3/8,002475.SZ,-0.142347259
2021/3/15,002475.SZ,-0.122643905
2021/3/22,002475.SZ,-0.025669579
2021/3/29,002475.SZ,0.023195845
2021/4/5,002475.SZ,-0.06381187
2021/4/12,002475.SZ,-0.005082228
2021/4/19,002475.SZ,0.123497483
2021/4/26,002475.SZ,-0.011500243
2021/5/3,002475.SZ,-0.061147183
2021/5/10,002475.SZ,-0.035446788
2021/5/17,002475.SZ,0.035255538
2021/5/24,002475.SZ,0.134199037
2021/5/31,002475.SZ,-0.024173041
2021/6/7,002475.SZ,0.016949237
2021/6/14,002475.SZ,0.019487129
2021/6/21,002475.SZ,0.182344016
2021/6/28,002475.SZ,-0.072537763
2021/7/5,002475.SZ,0.061238535
2021/7/12,002475.SZ,-0.106107933
2021/7/19,002475.SZ,-0.019631428
2021/7/26,002475.SZ,-0.085784993
2021/8/2,002475.SZ,0.099242872
2021/8/9,002475.SZ,-0.032226313
2021/8/16,002475.SZ,-0.035332966
2021/8/23,002475.SZ,0.000790507
2021/8/30,002475.SZ,-0.099526071
2021/9/6,002475.SZ,0.053216452
2021/9/13,002475.SZ,-0.069128376
2021/9/20,002475.SZ,0.061735773
2021/9/27,002475.SZ,0.003089859
2021/10/4,002475.SZ,0.05516666
2021/10/11,002475.SZ,-0.039808964
2021/10/18,002475.SZ,0.045605427
2021/10/25,002475.SZ,0.021411586
2021/11/1,002475.SZ,0.066252578
2021/11/8,002475.SZ,-0.017475849
2021/11/15,002475.SZ,0.064723306
2021/11/22,002475.SZ,-0.069141533
2021/11/29,002475.SZ,-0.03713844
2021/12/6,002475.SZ,0.173181271
2021/12/13,002475.SZ,0.010150123
2021/12/20,002475.SZ,0.082131946
2021/12/27,002475.SZ,-0.006863156
2022/1/3,002475.SZ,-0.052642268
2022/1/10,002475.SZ,-0.006650872
2022/1/17,002475.SZ,0.019222369
2022/1/24,002475.SZ,-0.011231173
2022/1/31,002475.SZ,0
2022/2/7,002475.SZ,-0.120231526
2022/2/14,002475.SZ,0.060901449
2022/2/21,002475.SZ,-0.006429422
2022/2/28,002475.SZ,-0.11555352
2022/3/7,002475.SZ,-0.064541436
2022/3/14,002475.SZ,-0.025139653
2022/3/21,002475.SZ,-0.037535808
2022/3/28,002475.SZ,-0.068175008
2022/4/4,002475.SZ,-0.062619792
2022/4/11,002475.SZ,-0.004090008
2022/4/18,002475.SZ,-0.007529087
2022/4/25,002475.SZ,0.064827594
2022/5/2,002475.SZ,-0.055051874
2022/5/9,002475.SZ,0.035983621
2022/5/16,002475.SZ,0.025140551
2022/5/23,002475.SZ,0.002258773
2022/5/30,002475.SZ,0.078557663
2022/6/6,002475.SZ,0.020298438
2022/6/13,002475.SZ,-0.026623629
2022/6/20,002475.SZ,-0.025849225
2022/6/27,002475.SZ,0.052452948
2022/7/4,002475.SZ,0.015537938
2022/7/11,002475.SZ,-0.047344018
2022/7/18,002475.SZ,-0.05233404
2022/7/25,002475.SZ,0.089188386
2022/8/1,002475.SZ,0.022680451
2022/8/8,002475.SZ,0.064516004
2022/8/15,002475.SZ,0.011904828
2022/8/22,002475.SZ,0.034759356
2022/8/29,002475.SZ,-0.020671902
2022/9/5,002475.SZ,-0.043799377
2022/9/12,002475.SZ,-0.056843252
2022/9/19,002475.SZ,-0.066998313
2022/9/26,002475.SZ,-0.078080912
2022/10/3,002475.SZ,0
2022/10/10,002475.SZ,0.006462582
2022/10/17,002475.SZ,-0.040554311
2022/10/24,002475.SZ,-0.061993666
2022/10/31,002475.SZ,0.193391035
2022/11/7,002475.SZ,-0.011013229
2022/11/14,002475.SZ,0.037861925
2022/11/21,002475.SZ,-0.037706971
2022/11/28,002475.SZ,-0.023574327
2022/12/5,002475.SZ,0.042414353
2022/12/12,002475.SZ,-0.007511822
2022/12/19,002475.SZ,-0.007883967
2022/12/26,002475.SZ,0.00921817
